"","Village_ID","Tree_number","Tree_type","Date_of_observation","Day","Month","Year","Date_of_shaving","Camera_number","Tree_coordinates_east","Tree_coordinates_west","In_H","In_M","In_S","Out_H","Out_M","Out_S","DurStayT","DurContT","Way","Con_place","P_NP","Comments","Number_of_visits","Number_of_stays","Number_of_contaminations","AM_PM","issues1","issues2","issues3","issues4"
"1",1010,"1010.DPT002","Date Palm","20.12.11",20,12,2011,NA,"5","23.64717","89.76381",10,2,51,10,2,53,2,1,1,1,0,NA,1,NA,1,"PM",0,0,1,0
"2",1044,"1044.DPT001","Date palm","22.1.2012",22,1,2012,NA,"2","22.9162","89.89088",12,10,58,12,20,39,581,580,1,1,1,NA,1,NA,NA,"AM",0,0,1,1
"3",1044,"1044.DPT001","Date palm","22.1.2012",22,1,2012,NA,"2","22.9162","89.89088",12,22,18,12,28,53,395,394,1,1,1,NA,1,NA,NA,"AM",0,0,1,1
"4",1044,"1044.DPT001","Date palm","22.1.2012",22,1,2012,NA,"2","22.9162","89.89088",1,20,10,1,20,11,1,0,1,NA,1,NA,1,NA,NA,"AM",0,0,1,1
"5",2018,"2018.ICT3","Date Palm","16.12.2011",16,12,2011,NA,"4","22.46685","89.09942",5,51,23,5,51,52,29,28,3,4,1,NA,NA,1,1,"PM",0,1,0,0
"6",2018,"2018.ICT3","Date Palm","16.12.2011",16,12,2011,NA,"4","22.46685","89.09942",6,0,57,6,1,8,11,10,3,1,1,NA,NA,1,1,"PM",0,1,0,0
"7",2018,"2018.ICT3","Date Palm","16.12.2011",16,12,2011,NA,"4","22.46685","89.09942",6,1,15,6,1,28,13,12,3,1,1,NA,NA,1,1,"PM",0,1,0,0
"8",2018,"2018.ICT3","Date Palm","16.12.2011",16,12,2011,NA,"4","22.46685","89.09942",6,1,30,6,2,50,80,79,3,4,1,NA,NA,1,1,"PM",0,1,0,0
"9",2018,"2018.ICT3","Date Palm","16.12.2011",16,12,2011,NA,"4","22.46685","89.09942",6,14,25,6,16,14,109,108,3,4,1,NA,NA,1,1,"PM",0,1,0,0
"10",2018,"2018.ICT3","Date Palm","16.12.2011",16,12,2011,NA,"4","22.46685","89.09942",6,27,34,6,27,36,2,1,2,4,1,NA,NA,1,1,"PM",0,1,0,0
"11",2018,"2018.ICT3","Date Palm","16.12.2011",16,12,2011,NA,"4","22.46685","89.09942",6,28,11,6,28,22,11,10,3,1,1,NA,NA,1,1,"PM",0,1,0,0
"12",2018,"2018.ICT3","Date Palm","16.12.2011",16,12,2011,NA,"4","22.46685","89.09942",6,29,53,6,30,49,56,55,3,1,1,NA,NA,1,1,"PM",0,1,0,0
"13",2018,"2018.ICT3","Date Palm","16.12.2011",16,12,2011,NA,"4","22.46685","89.09942",6,34,50,6,34,51,1,0,NA,NA,2,NA,NA,0,0,"PM",0,1,0,0
"14",2018,"2018.ICT3","Date Palm","16.12.2011",16,12,2011,NA,"4","22.46685","89.09942",6,35,39,6,35,41,2,1,2,4,1,NA,NA,1,1,"PM",0,1,0,0
"15",2018,"2018.ICT3","Date Palm","16.12.2011",16,12,2011,NA,"4","22.46685","89.09942",7,34,29,7,34,35,6,5,2,4,1,NA,NA,1,1,"PM",0,1,0,0
"16",2018,"2018.ICT3","Date Palm","16.12.2011",16,12,2011,NA,"4","22.46685","89.09942",8,4,43,8,5,23,40,39,3,4,1,NA,NA,1,1,"PM",0,1,0,0
"17",2018,"2018.ICT3","Date Palm","16.12.2011",16,12,2011,NA,"4","22.46685","89.09942",8,5,41,8,5,50,9,8,3,1,1,NA,NA,1,1,"PM",0,1,0,0
"18",2018,"2018.ICT3","Date Palm","16.12.2011",16,12,2011,NA,"4","22.46685","89.09942",8,7,28,8,7,30,2,1,3,1,1,NA,NA,1,1,"PM",0,1,0,0
"19",2018,"2018.ICT3","Date Palm","16.12.2011",16,12,2011,NA,"4","22.46685","89.09942",9,8,59,9,9,0,1,0,NA,NA,2,NA,NA,0,0,"PM",0,1,0,0
"20",2018,"2018.ICT3","Date Palm","16.12.2011",16,12,2011,NA,"4","22.46685","89.09942",9,23,5,9,23,6,1,0,NA,NA,2,NA,NA,0,0,"PM",0,1,0,0
"21",2018,"2018.ICT3","Date Palm","16.12.2011",16,12,2011,NA,"4","22.46685","89.09942",9,40,47,9,40,49,2,1,2,4,1,NA,NA,1,1,"PM",0,1,0,0
"22",2018,"2018.ICT3","Date Palm","16.12.2011",16,12,2011,NA,"4","22.46685","89.09942",9,52,6,9,52,41,35,34,3,4,1,NA,NA,1,1,"PM",0,1,0,0
"23",2018,"2018.ICT3","Date Palm","16.12.2011",16,12,2011,NA,"4","22.46685","89.09942",10,21,31,10,21,46,15,14,2,4,1,NA,NA,1,1,"PM",0,1,0,0
"24",2018,"2018.ICT3","Date Palm","16.12.2011",16,12,2011,NA,"4","22.46685","89.09942",10,21,44,10,21,45,1,0,NA,NA,0,NA,NA,0,0,"PM",0,1,0,0
"25",2018,"2018.ICT3","Date Palm","16.12.2011",16,12,2011,NA,"4","22.46685","89.09942",10,22,58,10,22,59,1,0,NA,NA,2,NA,NA,0,0,"PM",0,1,0,0
"26",2018,"2018.ICT3","Date Palm","16.12.2011",16,12,2011,NA,"4","22.46685","89.09942",10,51,9,10,51,10,1,0,2,NA,0,NA,NA,0,0,"PM",0,1,0,0
"27",2018,"2018.ICT3","Date Palm","16.12.2011",16,12,2011,NA,"4","22.46685","89.09942",10,51,19,10,51,20,1,0,2,1,2,NA,NA,0,1,"PM",0,1,0,0
"28",2018,"2018.ICT3","Date Palm","16.12.2011",16,12,2011,NA,"4","22.46685","89.09942",10,51,47,10,51,48,1,0,2,1,0,NA,NA,0,1,"PM",0,1,0,0
"29",2018,"2018.ICT3","Date Palm","16.12.2011",16,12,2011,NA,"4","22.46685","89.09942",11,4,19,11,4,20,1,0,3,1,1,NA,NA,0,1,"PM",0,1,0,0
"30",2018,"2018.ICT3","Date Palm","16.12.2011",16,12,2011,NA,"4","22.46685","89.09942",11,13,49,11,13,51,2,1,2,4,1,NA,NA,1,1,"PM",0,1,0,0
"31",2018,"2018.ICT3","Date Palm","16.12.2011",16,12,2011,NA,"4","22.46685","89.09942",11,22,0,11,22,1,1,0,2,1,0,NA,NA,0,1,"PM",0,1,0,0
"32",2018,"2018.ICT3","Date Palm","16.12.2011",16,12,2011,NA,"4","22.46685","89.09942",11,29,40,11,29,41,1,0,2,1,0,NA,NA,0,1,"PM",0,1,0,0
"33",2018,"2018.ICT3","Date Palm","16.12.2011",16,12,2011,NA,"4","22.46685","89.09942",11,32,16,11,32,17,1,0,2,1,0,NA,NA,0,1,"PM",0,1,0,0
"34",2018,"2018.ICT3","Date Palm","16.12.2011",16,12,2011,NA,"4","22.46685","89.09942",11,32,21,11,32,22,1,0,2,1,0,NA,NA,0,1,"PM",0,1,0,0
"35",2018,"2018.ICT3","Date Palm","16.12.2011",16,12,2011,NA,"4","22.46685","89.09942",11,34,24,11,34,25,1,0,2,1,0,NA,NA,0,1,"PM",0,1,0,0
"36",2018,"2018.ICT3","Date Palm","16.12.2011",16,12,2011,NA,"4","22.46685","89.09942",11,35,13,11,35,14,1,0,2,1,0,NA,NA,0,1,"PM",0,1,0,0
"37",2018,"2018.ICT3","Date Palm","16.12.2011",16,12,2011,NA,"4","22.46685","89.09942",11,35,29,11,35,30,1,0,2,1,0,NA,NA,0,1,"PM",0,1,0,0
"38",2018,"2018.ICT3","Date Palm","16.12.2011",16,12,2011,NA,"4","22.46685","89.09942",11,38,38,11,38,40,2,1,2,1,0,NA,NA,1,1,"PM",0,1,0,0
"39",2018,"2018.ICT3","Date Palm","16.12.2011",16,12,2011,NA,"4","22.46685","89.09942",11,38,47,11,38,49,2,1,2,1,0,NA,NA,1,1,"PM",0,1,0,0
"40",2018,"2018.ICT3","Date Palm","16.12.2011",16,12,2011,NA,"4","22.46685","89.09942",11,39,2,11,39,3,1,0,2,1,0,NA,NA,0,1,"PM",0,1,0,0
"41",2018,"2018.ICT3","Date Palm","16.12.2011",16,12,2011,NA,"4","22.46685","89.09942",11,39,6,11,39,7,1,0,2,1,0,NA,NA,0,1,"PM",0,1,0,0
"42",2018,"2018.ICT3","Date Palm","16.12.2011",16,12,2011,NA,"4","22.46685","89.09942",11,39,48,11,39,49,1,0,2,1,0,NA,NA,0,1,"PM",0,1,0,0
"43",2018,"2018.ICT3","Date Palm","16.12.2011",16,12,2011,NA,"4","22.46685","89.09942",11,45,59,11,46,1,2,1,2,1,0,NA,NA,1,1,"PM",0,1,0,0
"44",2018,"2018.ICT3","Date Palm","16.12.2011",16,12,2011,NA,"4","22.46685","89.09942",11,46,10,11,46,11,1,0,2,1,0,NA,NA,0,1,"PM",0,1,0,0
"45",2018,"2018.ICT3","Date Palm","16.12.2011",16,12,2011,NA,"4","22.46685","89.09942",11,46,17,11,46,18,1,0,2,1,0,NA,NA,0,1,"PM",0,1,0,0
"46",2018,"2018.ICT3","Date Palm","16.12.2011",16,12,2011,NA,"4","22.46685","89.09942",11,46,31,11,46,32,1,0,2,1,0,NA,NA,0,1,"PM",0,1,0,0
"47",2018,"2018.ICT3","Date Palm","16.12.2011",16,12,2011,NA,"4","22.46685","89.09942",11,47,14,11,47,15,1,0,2,1,0,NA,NA,0,1,"PM",0,1,0,0
"48",2018,"2018.ICT3","Date Palm","16.12.2011",16,12,2011,NA,"4","22.46685","89.09942",11,47,22,11,47,23,1,0,2,1,0,NA,NA,0,1,"PM",0,1,0,0
"49",2018,"2018.ICT3","Date Palm","16.12.2011",16,12,2011,NA,"4","22.46685","89.09942",11,47,30,11,47,31,1,0,2,1,0,NA,NA,0,1,"PM",0,1,0,0
"50",2018,"2018.ICT3","Date Palm","16.12.2011",16,12,2011,NA,"4","22.46685","89.09942",11,47,35,11,47,36,1,0,2,1,0,NA,NA,0,1,"PM",0,1,0,0
"51",2018,"2018.ICT3","Date Palm","16.12.2011",16,12,2011,NA,"4","22.46685","89.09942",11,48,19,11,48,20,1,0,2,1,0,NA,NA,0,1,"PM",0,1,0,0
"52",2018,"2018.ICT3","Date Palm","16.12.2011",16,12,2011,NA,"4","22.46685","89.09942",11,48,24,11,48,25,1,0,2,1,0,NA,NA,0,1,"PM",0,1,0,0
"53",2018,"2018.ICT3","Date Palm","16.12.2011",16,12,2011,NA,"4","22.46685","89.09942",12,3,51,12,3,53,2,1,3,1,1,NA,NA,1,1,"AM",0,1,0,0
"54",2018,"2018.ICT3","Date Palm","16.12.2011",16,12,2011,NA,"4","22.46685","89.09942",12,14,7,12,14,8,1,0,2,1,0,NA,NA,0,1,"AM",0,1,0,0
"55",2018,"2018.ICT3","Date Palm","16.12.2011",16,12,2011,NA,"4","22.46685","89.09942",12,14,12,12,14,13,1,0,2,1,0,NA,NA,0,1,"AM",0,1,0,0
"56",2018,"2018.ICT3","Date Palm","16.12.2011",16,12,2011,NA,"4","22.46685","89.09942",12,16,7,12,16,8,1,0,2,1,0,NA,NA,0,1,"AM",0,1,0,0
"57",2018,"2018.ICT3","Date Palm","16.12.2011",16,12,2011,NA,"4","22.46685","89.09942",12,16,17,12,16,18,1,0,2,1,0,NA,NA,0,1,"AM",0,1,0,0
"58",2018,"2018.ICT3","Date Palm","16.12.2011",16,12,2011,NA,"4","22.46685","89.09942",12,17,13,12,17,14,1,0,2,1,0,NA,NA,0,1,"AM",0,1,0,0
"59",2018,"2018.ICT3","Date Palm","16.12.2011",16,12,2011,NA,"4","22.46685","89.09942",12,18,17,12,18,18,1,0,2,1,0,NA,NA,0,1,"AM",0,1,0,0
"60",2018,"2018.ICT3","Date Palm","16.12.2011",16,12,2011,NA,"4","22.46685","89.09942",12,26,33,12,26,34,1,0,2,1,0,NA,NA,0,1,"AM",0,1,0,0
"61",2050,NA,"Date palm","25.1.12",25,1,2012,NA,"8","22.08939","90.09304",11,29,32,11,29,34,2,1,2,1,0,NA,1,1,1,"PM",1,0,0,0
"62",2050,NA,"Date palm","25.1.12",25,1,2012,NA,"8","22.08939","90.09304",12,0,18,12,0,20,2,1,2,1,0,NA,1,1,1,"AM",1,0,0,0
"63",2050,NA,"Date palm","25.1.12",25,1,2012,NA,"8","22.08939","90.09304",12,33,48,12,33,51,3,2,2,1,0,NA,1,1,1,"AM",1,0,0,0
"64",2050,NA,"Date palm","25.1.12",25,1,2012,NA,"8","22.08939","90.09304",1,3,51,1,3,53,2,1,2,1,0,NA,1,1,1,"AM",1,0,0,0
"65",2050,NA,"Date palm","25.1.12",25,1,2012,NA,"8","22.08939","90.09304",1,5,23,1,5,26,3,2,2,1,0,NA,1,1,1,"AM",1,0,0,0
"66",2050,NA,"Date palm","25.1.12",25,1,2012,NA,"8","22.08939","90.09304",1,45,42,1,48,25,163,162,2,1,0,NA,1,1,1,"AM",1,0,0,0
"67",2050,NA,"Date palm","25.1.12",25,1,2012,NA,"8","22.08939","90.09304",2,55,40,2,58,39,179,178,2,1,0,NA,1,1,1,"AM",1,0,0,0
"68",2050,NA,"Date palm","25.1.12",25,1,2012,NA,"8","22.08939","90.09304",3,36,47,3,36,49,2,1,2,1,0,NA,1,1,1,"AM",1,0,0,0
"69",2050,NA,"Date palm","25.1.12",25,1,2012,NA,"8","22.08939","90.09304",3,39,17,3,39,20,3,2,2,1,0,NA,1,1,1,"AM",1,0,0,0
"70",2050,NA,"Date palm","25.1.12",25,1,2012,NA,"8","22.08939","90.09304",4,13,13,4,16,8,175,174,2,1,0,NA,1,1,1,"AM",1,0,0,0
"71",3009,NA,"Date palm","6.1.12",6,1,2012,NA,"2","23.51445","89.6094",7,32,29,7,32,30,1,0,0,0,0,NA,1,0,0,"PM",1,0,0,0
"72",3009,NA,"Date palm","6.1.12",6,1,2012,NA,"2","23.51445","89.6094",9,54,12,9,54,13,1,0,0,0,0,NA,1,0,0,"PM",1,0,0,0
"73",3009,NA,"Date palm","6.1.12",6,1,2012,NA,"2","23.51445","89.6094",10,16,20,12,37,24,8464,8463,1,1,1,NA,1,1,1,"PM",1,0,0,0
"74",3009,NA,"Date palm","6.1.12",6,1,2012,NA,"2","23.51445","89.6094",1,6,57,1,8,27,90,89,1,1,1,NA,1,1,1,"AM",1,0,0,0
"75",3009,NA,"Date palm","6.1.12",6,1,2012,NA,"2","23.51445","89.6094",1,42,58,1,48,56,358,357,1,1,1,NA,1,1,1,"AM",1,0,0,0
"76",3009,NA,"Date palm","6.1.12",6,1,2012,NA,"2","23.51445","89.6094",1,50,6,2,7,0,1014,1013,1,1,1,NA,1,1,1,"AM",1,0,0,0
"77",3009,NA,"Date palm","6.1.12",6,1,2012,NA,"2","23.51445","89.6094",2,19,26,3,21,23,3717,3716,1,1,1,NA,1,1,1,"AM",1,0,0,0
"78",3009,NA,"Date palm","6.1.12",6,1,2012,NA,"2","23.51445","89.6094",3,35,38,3,35,39,1,0,0,0,0,NA,1,0,0,"AM",1,0,0,0
"79",3009,NA,"Date palm","6.1.12",6,1,2012,NA,"2","23.51445","89.6094",3,36,23,3,36,24,1,0,0,0,0,NA,1,0,0,"AM",1,0,0,0
"80",3009,NA,"Date palm","6.1.12",6,1,2012,NA,"2","23.51445","89.6094",3,36,44,3,37,18,34,33,2,1,0,NA,1,1,1,"AM",1,0,0,0
"81",3009,NA,"Date palm","6.1.12",6,1,2012,NA,"2","23.51445","89.6094",3,37,25,3,37,49,24,23,2,1,0,NA,1,1,1,"AM",1,0,0,0
"82",3009,NA,"Date palm","6.1.12",6,1,2012,NA,"2","23.51445","89.6094",3,38,29,3,38,31,2,1,2,1,0,NA,1,1,1,"AM",1,0,0,0
"83",3009,NA,"Date palm","6.1.12",6,1,2012,NA,"2","23.51445","89.6094",3,39,30,4,44,32,3902,3901,1,1,1,NA,1,1,1,"AM",1,0,0,0
"84",3009,NA,"Date palm","6.1.12",6,1,2012,NA,"2","23.51445","89.6094",4,46,36,4,46,37,1,0,0,0,0,NA,1,0,0,"AM",1,0,0,0
"85",3009,NA,"Date palm","6.1.12",6,1,2012,NA,"2","23.51445","89.6094",4,46,52,4,50,15,203,202,2,1,0,NA,1,1,1,"AM",1,0,0,0
"86",3009,NA,"Date palm","6.1.12",6,1,2012,NA,"2","23.51445","89.6094",4,50,16,4,53,46,210,209,1,1,1,NA,1,1,1,"AM",1,0,0,0
"87",3009,NA,"Date palm","6.1.12",6,1,2012,NA,"2","23.51445","89.6094",5,12,31,5,12,32,1,0,0,0,0,NA,1,0,0,"AM",1,0,0,0
"88",3009,NA,"Date palm","6.1.12",6,1,2012,NA,"2","23.51445","89.6094",5,13,13,5,35,49,1356,1355,1,1,1,NA,1,1,1,"AM",1,0,0,0
"89",3009,NA,"Date palm","6.1.12",6,1,2012,NA,"2","23.51445","89.6094",5,36,58,5,46,7,549,548,1,1,0,NA,1,1,1,"AM",1,0,0,0
"90",3009,NA,"Date palm","6.1.12",6,1,2012,NA,"5","23.51485","89.60873",2,29,46,2,29,47,1,0,0,0,2,NA,1,0,0,"AM",1,0,0,0
"91",3009,NA,"Date palm","6.1.12",6,1,2012,NA,"5","23.51485","89.60873",2,30,0,2,30,1,1,0,0,0,2,NA,1,0,0,"AM",1,0,0,0
"92",3009,NA,"Date palm","6.1.12",6,1,2012,NA,"5","23.51485","89.60873",2,31,15,2,31,16,1,0,0,0,2,NA,1,0,0,"AM",1,0,0,0
"93",3009,NA,"Date palm","6.1.12",6,1,2012,NA,"5","23.51485","89.60873",2,31,27,2,31,28,1,0,0,0,2,NA,1,0,0,"AM",1,0,0,0
"94",3009,NA,"Date palm","6.1.12",6,1,2012,NA,"5","23.51485","89.60873",2,31,33,2,31,34,1,0,0,0,2,NA,1,0,0,"AM",1,0,0,0
"95",3009,NA,"Date palm","6.1.12",6,1,2012,NA,"5","23.51485","89.60873",2,34,5,2,35,6,61,60,2,1,0,NA,1,1,1,"AM",1,0,0,0
"96",3009,NA,"Date palm","6.1.12",6,1,2012,NA,"5","23.51485","89.60873",2,34,47,2,34,48,1,0,0,0,2,NA,1,0,0,"AM",1,0,0,0
"97",3009,NA,"Date palm","6.1.12",6,1,2012,NA,"5","23.51485","89.60873",2,40,26,2,40,27,1,0,0,0,2,NA,1,0,0,"AM",1,0,0,0
"98",3009,NA,"Date palm","6.1.12",6,1,2012,NA,"5","23.51485","89.60873",2,59,15,2,59,16,1,0,0,0,2,NA,1,0,0,"AM",1,0,0,0
"99",3009,NA,"Date palm","6.1.12",6,1,2012,NA,"5","23.51485","89.60873",3,0,1,3,0,2,1,0,0,0,2,NA,1,0,0,"AM",1,0,0,0
"100",3009,NA,"Date palm","6.1.12",6,1,2012,NA,"5","23.51485","89.60873",3,0,43,3,0,44,1,0,0,0,2,NA,1,0,0,"AM",1,0,0,0
"101",3009,NA,"Date palm","6.1.12",6,1,2012,NA,"5","23.51485","89.60873",3,0,54,3,0,56,2,1,2,1,0,NA,1,1,1,"AM",1,0,0,0
"102",3009,NA,"Date palm","6.1.12",6,1,2012,NA,"5","23.51485","89.60873",3,1,8,3,1,45,37,36,2,1,0,NA,1,1,1,"AM",1,0,0,0
"103",3009,NA,"Date palm","6.1.12",6,1,2012,NA,"5","23.51485","89.60873",3,2,5,3,2,9,4,3,2,1,0,NA,1,1,1,"AM",1,0,0,0
"104",3009,NA,"Date palm","6.1.12",6,1,2012,NA,"5","23.51485","89.60873",3,2,16,3,2,43,27,26,2,1,0,NA,1,1,1,"AM",1,0,0,0
"105",3009,NA,"Date palm","6.1.12",6,1,2012,NA,"5","23.51485","89.60873",3,3,27,3,3,28,1,0,0,0,1,NA,1,0,0,"AM",1,0,0,0
"106",3009,NA,"Date palm","6.1.12",6,1,2012,NA,"5","23.51485","89.60873",3,4,1,3,4,3,2,1,2,1,0,NA,1,1,1,"AM",1,0,0,0
"107",3009,NA,"Date palm","6.1.12",6,1,2012,NA,"5","23.51485","89.60873",3,4,9,3,4,10,1,0,0,0,2,NA,1,0,0,"AM",1,0,0,0
"108",3009,NA,"Date palm","6.1.12",6,1,2012,NA,"5","23.51485","89.60873",3,4,18,3,4,19,1,0,0,0,2,NA,1,0,0,"AM",1,0,0,0
"109",3009,NA,"Date palm","6.1.12",6,1,2012,NA,"5","23.51485","89.60873",3,4,19,3,4,20,1,0,0,0,2,NA,1,0,0,"AM",1,0,0,0
"110",3009,NA,"Date palm","6.1.12",6,1,2012,NA,"5","23.51485","89.60873",3,4,43,3,4,44,1,0,0,0,1,NA,1,0,0,"AM",1,0,0,0
"111",3009,NA,"Date palm","6.1.12",6,1,2012,NA,"5","23.51485","89.60873",3,4,53,3,4,55,2,1,2,1,0,NA,1,1,1,"AM",1,0,0,0
"112",3009,NA,"Date palm","6.1.12",6,1,2012,NA,"5","23.51485","89.60873",3,5,4,3,5,5,1,0,0,0,1,NA,1,0,0,"AM",1,0,0,0
"113",3009,NA,"Date palm","6.1.12",6,1,2012,NA,"5","23.51485","89.60873",3,5,17,3,5,18,1,0,0,0,1,NA,1,0,0,"AM",1,0,0,0
"114",3009,NA,"Date palm","6.1.12",6,1,2012,NA,"5","23.51485","89.60873",3,5,33,3,5,34,1,0,0,0,1,NA,1,0,0,"AM",1,0,0,0
"115",3009,NA,"Date palm","6.1.12",6,1,2012,NA,"5","23.51485","89.60873",3,5,39,3,5,41,2,1,2,1,0,NA,1,1,1,"AM",1,0,0,0
"116",3009,NA,"Date palm","6.1.12",6,1,2012,NA,"5","23.51485","89.60873",3,54,16,3,57,31,195,194,2,1,0,NA,1,1,1,"AM",1,0,0,0
"117",3009,NA,"Date palm","6.1.12",6,1,2012,NA,"5","23.51485","89.60873",4,2,6,4,4,1,115,114,2,1,0,NA,1,1,1,"AM",1,0,0,0
"118",3009,NA,"Date palm","6.1.12",6,1,2012,NA,"5","23.51485","89.60873",4,4,38,4,4,40,2,1,2,1,0,NA,1,1,1,"AM",1,0,0,0
"119",3009,NA,"Date palm","6.1.12",6,1,2012,NA,"5","23.51485","89.60873",4,6,18,4,6,19,1,0,0,0,1,NA,1,0,0,"AM",1,0,0,0
"120",3009,NA,"Date palm","6.1.12",6,1,2012,NA,"5","23.51485","89.60873",4,6,53,4,6,55,2,1,2,1,0,NA,1,1,1,"AM",1,0,0,0
"121",3009,NA,"Date palm","6.1.12",6,1,2012,NA,"5","23.51485","89.60873",4,7,48,4,9,2,74,73,2,1,0,NA,1,1,1,"AM",1,0,0,0
"122",3009,NA,"Date palm","6.1.12",6,1,2012,NA,"5","23.51485","89.60873",4,9,11,4,9,24,13,12,2,1,0,NA,1,1,1,"AM",1,0,0,0
"123",3009,NA,"Date palm","6.1.12",6,1,2012,NA,"5","23.51485","89.60873",4,14,0,4,14,40,40,39,2,1,0,NA,1,1,1,"AM",1,0,0,0
"124",3009,NA,"Date palm","6.1.12",6,1,2012,NA,"5","23.51485","89.60873",4,15,53,4,17,2,69,68,2,1,0,NA,1,1,1,"AM",1,0,0,0
"125",3009,NA,"Date palm","6.1.12",6,1,2012,NA,"5","23.51485","89.60873",4,24,10,4,24,26,16,15,2,1,0,NA,1,1,1,"AM",1,0,0,0
"126",3009,NA,"Date palm","6.1.12",6,1,2012,NA,"5","23.51485","89.60873",4,24,38,4,24,39,1,0,0,0,1,NA,1,0,0,"AM",1,0,0,0
"127",3009,NA,"Date palm","6.1.12",6,1,2012,NA,"5","23.51485","89.60873",4,24,46,4,24,48,2,1,2,1,0,NA,1,1,1,"AM",1,0,0,0
"128",3009,NA,"Date palm","6.1.12",6,1,2012,NA,"5","23.51485","89.60873",4,25,9,4,25,10,1,0,0,0,1,NA,1,0,0,"AM",1,0,0,0
"129",3009,NA,"Date palm","6.1.12",6,1,2012,NA,"5","23.51485","89.60873",4,25,39,4,25,41,2,1,2,1,0,NA,1,1,1,"AM",1,0,0,0
"130",3009,NA,"Date palm","6.1.12",6,1,2012,NA,"5","23.51485","89.60873",4,25,48,4,25,52,4,3,2,1,0,NA,1,1,1,"AM",1,0,0,0
"131",3009,NA,"Date palm","6.1.12",6,1,2012,NA,"5","23.51485","89.60873",4,25,59,4,26,2,3,2,2,1,0,NA,1,1,1,"AM",1,0,0,0
"132",3009,NA,"Date palm","6.1.12",6,1,2012,NA,"5","23.51485","89.60873",4,26,10,10,26,14,21604,21603,2,1,0,NA,1,1,1,"AM",1,0,0,0
"133",3009,NA,"Date palm","6.1.12",6,1,2012,NA,"5","23.51485","89.60873",4,26,46,4,26,47,1,0,0,0,2,NA,1,0,0,"AM",1,0,0,0
"134",3009,NA,"Date palm","6.1.12",6,1,2012,NA,"5","23.51485","89.60873",4,27,16,4,27,18,2,1,2,1,0,NA,1,1,1,"AM",1,0,0,0
"135",3009,NA,"Date palm","6.1.12",6,1,2012,NA,"5","23.51485","89.60873",4,27,38,4,28,29,51,50,2,1,0,NA,1,1,1,"AM",1,0,0,0
"136",3009,NA,"Date palm","6.1.12",6,1,2012,NA,"5","23.51485","89.60873",4,27,48,4,27,49,1,0,0,0,2,NA,1,0,0,"AM",1,0,0,0
"137",3009,NA,"Date palm","6.1.12",6,1,2012,NA,"5","23.51485","89.60873",4,27,58,4,27,59,1,0,0,0,2,NA,1,0,0,"AM",1,0,0,0
"138",3009,NA,"Date palm","6.1.12",6,1,2012,NA,"5","23.51485","89.60873",4,28,28,4,28,31,3,2,2,1,0,NA,1,1,1,"AM",1,0,0,0
"139",3009,NA,"Date palm","6.1.12",6,1,2012,NA,"5","23.51485","89.60873",4,28,46,4,31,33,167,166,2,1,0,NA,1,1,1,"AM",1,0,0,0
"140",3009,NA,"Date palm","6.1.12",6,1,2012,NA,"5","23.51485","89.60873",4,29,2,4,31,33,151,150,2,1,0,NA,1,1,1,"AM",1,0,0,0
"141",3009,NA,"Date palm","6.1.12",6,1,2012,NA,"5","23.51485","89.60873",4,32,58,4,34,15,77,76,2,1,0,NA,1,1,1,"AM",1,0,0,0
"142",3009,NA,"Date palm","6.1.12",6,1,2012,NA,"5","23.51485","89.60873",4,34,49,4,34,51,2,1,2,1,0,NA,1,1,1,"AM",1,0,0,0
"143",3009,NA,"Date palm","6.1.12",6,1,2012,NA,"5","23.51485","89.60873",4,35,13,4,35,14,1,0,0,0,1,NA,1,0,0,"AM",1,0,0,0
"144",3009,NA,"Date palm","6.1.12",6,1,2012,NA,"5","23.51485","89.60873",4,35,23,4,35,24,1,0,0,0,1,NA,1,0,0,"AM",1,0,0,0
"145",3009,NA,"Date palm","6.1.12",6,1,2012,NA,"5","23.51485","89.60873",4,35,33,4,35,35,2,1,2,1,0,NA,1,1,1,"AM",1,0,0,0
"146",3009,NA,"Date palm","6.1.12",6,1,2012,NA,"5","23.51485","89.60873",4,35,58,4,36,1,3,2,2,1,0,NA,1,1,1,"AM",1,0,0,0
"147",3009,NA,"Date palm","6.1.12",6,1,2012,NA,"5","23.51485","89.60873",4,36,7,4,36,9,2,1,2,1,0,NA,1,1,1,"AM",1,0,0,0
"148",3009,NA,"Date palm","6.1.12",6,1,2012,NA,"5","23.51485","89.60873",4,36,25,4,36,27,2,1,2,1,0,NA,1,1,1,"AM",1,0,0,0
"149",3009,NA,"Date palm","6.1.12",6,1,2012,NA,"5","23.51485","89.60873",4,36,37,4,36,38,1,0,0,0,1,NA,1,0,0,"AM",1,0,0,0
"150",3009,NA,"Date palm","6.1.12",6,1,2012,NA,"5","23.51485","89.60873",4,36,48,4,36,50,2,1,2,1,0,NA,1,1,1,"AM",1,0,0,0
"151",3009,NA,"Date palm","6.1.12",6,1,2012,NA,"5","23.51485","89.60873",4,36,59,4,37,0,1,0,0,0,1,NA,1,0,0,"AM",1,0,0,0
"152",3009,NA,"Date palm","6.1.12",6,1,2012,NA,"5","23.51485","89.60873",4,37,10,4,37,36,26,25,2,1,0,NA,1,1,1,"AM",1,0,0,0
"153",3009,NA,"Date palm","6.1.12",6,1,2012,NA,"5","23.51485","89.60873",4,37,59,4,38,4,5,4,2,1,0,NA,1,1,1,"AM",1,0,0,0
"154",3009,NA,"Date palm","6.1.12",6,1,2012,NA,"5","23.51485","89.60873",4,38,22,4,38,24,2,1,2,1,0,NA,1,1,1,"AM",1,0,0,0
"155",3009,NA,"Date palm","6.1.12",6,1,2012,NA,"5","23.51485","89.60873",4,38,49,4,40,2,73,72,2,1,0,NA,1,1,1,"AM",1,0,0,0
"156",3009,NA,"Date palm","6.1.12",6,1,2012,NA,"5","23.51485","89.60873",4,39,9,4,39,19,10,9,2,1,0,NA,1,1,1,"AM",1,0,0,0
"157",3009,NA,"Date palm","6.1.12",6,1,2012,NA,"5","23.51485","89.60873",4,40,29,4,40,36,7,6,2,1,0,NA,1,1,1,"AM",1,0,0,0
"158",3009,NA,"Date palm","6.1.12",6,1,2012,NA,"5","23.51485","89.60873",4,40,40,4,41,48,68,67,2,1,0,NA,1,1,1,"AM",1,0,0,0
"159",3009,NA,"Date palm","6.1.12",6,1,2012,NA,"5","23.51485","89.60873",4,43,13,4,43,15,2,1,2,1,0,NA,1,1,1,"AM",1,0,0,0
"160",3009,NA,"Date palm","6.1.12",6,1,2012,NA,"5","23.51485","89.60873",4,44,35,4,44,36,1,0,0,0,1,NA,1,0,0,"AM",1,0,0,0
"161",3009,NA,"Date palm","6.1.12",6,1,2012,NA,"5","23.51485","89.60873",4,53,42,4,53,43,1,0,0,0,1,NA,1,0,0,"AM",1,0,0,0
"162",3009,NA,"Date palm","6.1.12",6,1,2012,NA,"5","23.51485","89.60873",4,54,3,4,54,4,1,0,0,0,1,NA,1,0,0,"AM",1,0,0,0
"163",3009,NA,"Date palm","6.1.12",6,1,2012,NA,"5","23.51485","89.60873",4,54,15,4,54,15,0,0,0,0,2,NA,1,0,0,"AM",1,0,0,0
"164",3009,NA,"Date palm","6.1.12",6,1,2012,NA,"5","23.51485","89.60873",4,54,24,4,54,27,3,2,2,1,0,NA,1,1,1,"AM",1,0,0,0
"165",3009,NA,"Date palm","6.1.12",6,1,2012,NA,"5","23.51485","89.60873",4,54,35,4,54,37,2,1,2,1,0,NA,1,1,1,"AM",1,0,0,0
"166",3009,NA,"Date palm","6.1.12",6,1,2012,NA,"5","23.51485","89.60873",4,54,48,4,54,50,2,1,2,1,0,NA,1,1,1,"AM",1,0,0,0
"167",3009,NA,"Date palm","6.1.12",6,1,2012,NA,"5","23.51485","89.60873",4,55,14,4,55,16,2,1,2,1,0,NA,1,1,1,"AM",1,0,0,0
"168",3009,NA,"Date palm","6.1.12",6,1,2012,NA,"5","23.51485","89.60873",4,55,25,4,55,30,5,4,2,1,0,NA,1,1,1,"AM",1,0,0,0
"169",3009,NA,"Date palm","6.1.12",6,1,2012,NA,"5","23.51485","89.60873",4,55,38,4,55,40,2,1,2,1,0,NA,1,1,1,"AM",1,0,0,0
"170",3009,NA,"Date palm","6.1.12",6,1,2012,NA,"5","23.51485","89.60873",4,55,49,4,56,45,56,55,2,1,0,NA,1,1,1,"AM",1,0,0,0
"171",3009,NA,"Date palm","6.1.12",6,1,2012,NA,"5","23.51485","89.60873",4,55,51,4,55,52,1,0,0,0,1,NA,1,0,0,"AM",1,0,0,0
"172",3009,NA,"Date palm","6.1.12",6,1,2012,NA,"5","23.51485","89.60873",5,13,59,5,15,0,61,60,2,1,0,NA,1,1,1,"AM",1,0,0,0
"173",3009,NA,"Date palm","6.1.12",6,1,2012,NA,"5","23.51485","89.60873",5,20,24,5,21,29,65,64,2,1,0,NA,1,1,1,"AM",1,0,0,0
"174",3009,NA,"Date palm","6.1.12",6,1,2012,NA,"5","23.51485","89.60873",5,22,30,5,23,14,44,43,2,1,0,NA,1,1,1,"AM",1,0,0,0
"175",3009,NA,"Date palm","6.1.12",6,1,2012,NA,"5","23.51485","89.60873",5,23,49,5,24,36,47,46,2,1,0,NA,1,1,1,"AM",1,0,0,0
"176",3009,NA,"Date palm","6.1.12",6,1,2012,NA,"5","23.51485","89.60873",5,24,56,5,24,58,2,1,2,1,0,NA,1,1,1,"AM",1,0,0,0
"177",3009,NA,"Date palm","6.1.12",6,1,2012,NA,"5","23.51485","89.60873",5,25,28,5,25,37,9,8,2,1,0,NA,1,1,1,"AM",1,0,0,0
"178",3009,NA,"Date palm","6.1.12",6,1,2012,NA,"5","23.51485","89.60873",5,25,47,5,26,22,35,34,2,1,0,NA,1,1,1,"AM",1,0,0,0
"179",3009,NA,"Date palm","6.1.12",6,1,2012,NA,"5","23.51485","89.60873",5,26,32,5,26,46,14,13,2,1,0,NA,1,1,1,"AM",1,0,0,0
"180",3009,NA,"Date palm","6.1.12",6,1,2012,NA,"5","23.51485","89.60873",5,26,51,5,27,55,64,63,2,1,0,NA,1,1,1,"AM",1,0,0,0
"181",3009,NA,"Date palm","6.1.12",6,1,2012,NA,"5","23.51485","89.60873",5,28,13,5,28,34,21,20,2,1,0,NA,1,1,1,"AM",1,0,0,0
"182",3009,NA,"Date palm","6.1.12",6,1,2012,NA,"5","23.51485","89.60873",5,28,47,5,28,49,2,1,2,1,0,NA,1,1,1,"AM",1,0,0,0
"183",3010,NA,"Date palm","8.2.2012",8,2,2012,NA,"2","23.75411","89.76743",7,9,44,7,10,55,71,70,2,1,0,NA,1,1,1,"PM",1,0,0,0
"184",3010,NA,"Date palm","8.2.2012",8,2,2012,NA,"2","23.75411","89.76743",7,12,17,7,14,26,129,128,1,1,1,NA,1,1,1,"PM",1,0,0,0
"185",3010,NA,"Date palm","8.2.2012",8,2,2012,NA,"2","23.75411","89.76743",7,35,31,7,58,11,1360,1359,1,1,1,NA,1,1,1,"PM",1,0,0,0
"186",3010,NA,"Date palm","8.2.2012",8,2,2012,NA,"2","23.75411","89.76743",8,19,34,8,20,38,64,63,1,0,2,NA,1,1,0,"PM",1,0,0,0
"187",3010,NA,"Date palm","8.2.2012",8,2,2012,NA,"2","23.75411","89.76743",8,24,6,8,24,8,2,1,2,1,0,NA,1,1,1,"PM",1,0,0,0
"188",3010,NA,"Date palm","8.2.2012",8,2,2012,NA,"2","23.75411","89.76743",8,24,59,8,25,1,2,1,2,1,0,NA,1,1,1,"PM",1,0,0,0
"189",3010,NA,"Date palm","8.2.2012",8,2,2012,NA,"2","23.75411","89.76743",8,25,15,8,25,16,1,0,0,0,0,NA,1,0,0,"PM",1,0,0,0
"190",3010,NA,"Date palm","8.2.2012",8,2,2012,NA,"2","23.75411","89.76743",8,27,11,8,28,24,73,72,1,1,1,NA,1,1,1,"PM",1,0,0,0
"191",3010,NA,"Date palm","8.2.2012",8,2,2012,NA,"2","23.75411","89.76743",8,34,7,8,34,9,2,1,2,1,0,NA,1,1,1,"PM",1,0,0,0
"192",3010,NA,"Date palm","8.2.2012",8,2,2012,NA,"2","23.75411","89.76743",8,36,17,8,36,18,1,0,0,0,0,NA,1,0,0,"PM",1,0,0,0
"193",3010,NA,"Date palm","8.2.2012",8,2,2012,NA,"2","23.75411","89.76743",8,37,6,8,37,8,2,1,2,1,0,NA,1,1,1,"PM",1,0,0,0
"194",3010,NA,"Date palm","8.2.2012",8,2,2012,NA,"2","23.75411","89.76743",8,37,46,8,37,47,1,0,0,0,0,NA,1,0,0,"PM",1,0,0,0
"195",3010,NA,"Date palm","8.2.2012",8,2,2012,NA,"2","23.75411","89.76743",8,38,40,8,38,41,1,0,0,0,0,NA,1,0,0,"PM",1,0,0,0
"196",3010,NA,"Date palm","8.2.2012",8,2,2012,NA,"2","23.75411","89.76743",8,38,56,8,39,25,29,28,2,1,0,NA,1,1,1,"PM",1,0,0,0
"197",3010,NA,"Date palm","8.2.2012",8,2,2012,NA,"2","23.75411","89.76743",8,39,32,8,39,33,1,0,0,0,0,NA,1,0,0,"PM",1,0,0,0
"198",3010,NA,"Date palm","8.2.2012",8,2,2012,NA,"2","23.75411","89.76743",8,46,41,8,46,42,1,0,0,0,0,NA,1,0,0,"PM",1,0,0,0
"199",3010,NA,"Date palm","8.2.2012",8,2,2012,NA,"2","23.75411","89.76743",8,46,49,8,46,50,1,0,0,0,0,NA,1,0,0,"PM",1,0,0,0
"200",3010,NA,"Date palm","8.2.2012",8,2,2012,NA,"2","23.75411","89.76743",8,47,9,8,53,38,389,388,1,1,1,NA,1,1,1,"PM",1,0,0,0
"201",3010,NA,"Date palm","8.2.2012",8,2,2012,NA,"2","23.75411","89.76743",8,55,31,8,58,29,178,177,2,1,0,NA,1,1,1,"PM",1,0,0,0
"202",3010,NA,"Date palm","8.2.2012",8,2,2012,NA,"2","23.75411","89.76743",8,55,31,9,11,36,965,964,1,0,1,NA,1,1,0,"PM",1,0,0,0
"203",3010,NA,"Date palm","8.2.2012",8,2,2012,NA,"2","23.75411","89.76743",9,23,1,9,23,3,2,1,2,1,0,NA,1,1,1,"PM",1,0,0,0
"204",3010,NA,"Date palm","8.2.2012",8,2,2012,NA,"2","23.75411","89.76743",9,25,51,9,26,35,44,43,2,1,0,NA,1,1,1,"PM",1,0,0,0
"205",3010,NA,"Date palm","8.2.2012",8,2,2012,NA,"2","23.75411","89.76743",9,42,6,9,42,7,1,0,0,0,0,NA,1,0,0,"PM",1,0,0,0
"206",3010,NA,"Date palm","8.2.2012",8,2,2012,NA,"2","23.75411","89.76743",9,42,21,9,42,22,1,0,0,0,0,NA,1,0,0,"PM",1,0,0,0
"207",3010,NA,"Date palm","8.2.2012",8,2,2012,NA,"2","23.75411","89.76743",9,43,5,9,43,7,2,1,2,1,0,NA,1,1,1,"PM",1,0,0,0
"208",3010,NA,"Date palm","8.2.2012",8,2,2012,NA,"2","23.75411","89.76743",9,49,2,10,21,11,1929,1928,1,1,1,NA,1,1,1,"PM",1,0,0,0
"209",3010,NA,"Date palm","8.2.2012",8,2,2012,NA,"2","23.75411","89.76743",10,2,4,10,2,5,1,0,0,0,0,NA,1,0,0,"PM",1,0,0,0
"210",3010,NA,"Date palm","8.2.2012",8,2,2012,NA,"2","23.75411","89.76743",10,2,36,10,2,37,1,0,0,0,0,NA,1,0,0,"PM",1,0,0,0
"211",3010,NA,"Date palm","8.2.2012",8,2,2012,NA,"2","23.75411","89.76743",10,3,14,10,3,15,1,0,0,0,0,NA,1,0,0,"PM",1,0,0,0
"212",3010,NA,"Date palm","8.2.2012",8,2,2012,NA,"2","23.75411","89.76743",10,22,43,10,22,44,1,0,0,0,0,NA,1,0,0,"PM",1,0,0,0
"213",3010,NA,"Date palm","8.2.2012",8,2,2012,NA,"2","23.75411","89.76743",10,45,37,10,45,39,2,1,2,1,0,NA,1,1,1,"PM",1,0,0,0
"214",3010,NA,"Date palm","8.2.2012",8,2,2012,NA,"2","23.75411","89.76743",10,56,23,12,43,28,6425,6424,1,1,1,NA,1,1,1,"PM",1,0,0,0
"215",3010,NA,"Date palm","8.2.2012",8,2,2012,NA,"2","23.75411","89.76743",12,52,30,12,52,31,1,0,0,0,0,NA,1,0,0,"AM",1,0,0,0
"216",3010,NA,"Date palm","8.2.2012",8,2,2012,NA,"2","23.75411","89.76743",12,52,30,12,52,31,1,0,0,0,0,NA,1,0,0,"AM",1,0,0,0
"217",3010,NA,"Date palm","8.2.2012",8,2,2012,NA,"2","23.75411","89.76743",1,4,24,1,5,20,56,55,2,1,0,NA,1,1,1,"AM",1,0,0,0
"218",3010,NA,"Date palm","8.2.2012",8,2,2012,NA,"2","23.75411","89.76743",1,4,24,1,40,18,2154,2153,1,1,1,NA,1,1,1,"AM",1,0,0,0
"219",3010,NA,"Date palm","8.2.2012",8,2,2012,NA,"2","23.75411","89.76743",1,5,59,1,7,3,64,63,2,1,0,NA,1,1,1,"AM",1,0,0,0
"220",3010,NA,"Date palm","8.2.2012",8,2,2012,NA,"2","23.75411","89.76743",1,40,31,1,45,12,281,280,2,1,0,NA,1,1,1,"AM",1,0,0,0
"221",3010,NA,"Date palm","8.2.2012",8,2,2012,NA,"2","23.75411","89.76743",1,45,36,1,45,38,2,1,2,1,0,NA,1,1,1,"AM",1,0,0,0
"222",3010,NA,"Date palm","8.2.2012",8,2,2012,NA,"2","23.75411","89.76743",2,2,3,2,2,4,1,0,0,0,0,NA,1,0,0,"AM",1,0,0,0
"223",3010,NA,"Date palm","8.2.2012",8,2,2012,NA,"2","23.75411","89.76743",2,6,10,2,6,11,1,0,0,0,0,NA,1,0,0,"AM",1,0,0,0
"224",3010,NA,"Date palm","8.2.2012",8,2,2012,NA,"2","23.75411","89.76743",2,12,11,2,13,57,106,105,2,1,0,NA,1,1,1,"AM",1,0,0,0
"225",3010,NA,"Date palm","8.2.2012",8,2,2012,NA,"2","23.75411","89.76743",2,12,11,2,34,25,1334,1333,1,1,1,NA,1,1,1,"AM",1,0,0,0
"226",3010,NA,"Date palm","8.2.2012",8,2,2012,NA,"2","23.75411","89.76743",2,49,19,2,50,34,75,74,1,1,1,NA,1,1,1,"AM",1,0,0,0
"227",3010,NA,"Date palm","8.2.2012",8,2,2012,NA,"2","23.75411","89.76743",2,51,41,2,51,42,1,0,0,0,0,NA,1,0,0,"AM",1,0,0,0
"228",3010,NA,"Date palm","8.2.2012",8,2,2012,NA,"2","23.75411","89.76743",2,51,55,2,51,56,1,0,0,0,0,NA,1,0,0,"AM",1,0,0,0
"229",3010,NA,"Date palm","8.2.2012",8,2,2012,NA,"2","23.75411","89.76743",2,51,55,5,6,42,8087,8086,1,1,1,NA,1,1,1,"AM",1,0,0,0
"230",3010,NA,"Date palm","8.2.2012",8,2,2012,NA,"5","23.7542","89.76737",8,57,37,9,0,33,176,175,1,1,1,NA,1,1,1,"PM",1,0,0,0
"231",3010,NA,"Date palm","8.2.2012",8,2,2012,NA,"5","23.7542","89.76737",9,16,18,12,59,32,13394,13393,1,1,1,NA,1,1,1,"AM",1,0,0,0
"232",3010,NA,"Date palm","8.2.2012",8,2,2012,NA,"5","23.7542","89.76737",1,22,18,1,22,20,2,1,2,1,0,NA,1,1,1,"AM",1,0,0,0
"233",3010,NA,"Date palm","8.2.2012",8,2,2012,NA,"5","23.7542","89.76737",1,39,19,1,39,21,2,1,2,1,0,NA,1,1,1,"AM",1,0,0,0
"234",3010,NA,"Date palm","8.2.2012",8,2,2012,NA,"5","23.7542","89.76737",1,39,47,1,39,49,2,1,2,1,0,NA,1,1,1,"AM",1,0,0,0
"235",3010,NA,"Date palm","8.2.2012",8,2,2012,NA,"5","23.7542","89.76737",1,43,47,1,43,49,2,1,2,1,0,NA,1,1,1,"AM",1,0,0,0
"236",3010,NA,"Date palm","8.2.2012",8,2,2012,NA,"5","23.7542","89.76737",1,43,25,1,53,59,634,633,1,1,1,NA,1,1,1,"AM",1,0,0,0
"237",3010,NA,"Date palm","8.2.2012",8,2,2012,NA,"5","23.7542","89.76737",2,12,46,3,6,30,3224,3223,1,1,1,NA,1,1,1,"AM",1,0,0,0
"238",3010,NA,"Date palm","8.2.2012",8,2,2012,NA,"5","23.7542","89.76737",3,36,5,3,36,6,1,0,0,0,0,NA,1,0,0,"AM",1,0,0,0
"239",3010,NA,"Date palm","8.2.2012",8,2,2012,NA,"5","23.7542","89.76737",3,36,32,3,36,34,2,1,2,1,0,NA,1,1,1,"AM",1,0,0,0
"240",3010,NA,"Date palm","8.2.2012",8,2,2012,NA,"5","23.7542","89.76737",3,37,1,3,39,0,119,118,2,1,0,NA,1,1,1,"AM",1,0,0,0
"241",3010,NA,"Date palm","8.2.2012",8,2,2012,NA,"5","23.7542","89.76737",3,39,40,3,39,42,2,1,2,1,0,NA,1,1,1,"AM",1,0,0,0
"242",3010,NA,"Date palm","8.2.2012",8,2,2012,NA,"5","23.7542","89.76737",3,39,57,3,40,0,3,2,2,1,0,NA,1,1,1,"AM",1,0,0,0
"243",3010,NA,"Date palm","8.2.2012",8,2,2012,NA,"5","23.7542","89.76737",3,40,26,3,40,27,1,0,0,0,0,NA,1,0,0,"AM",1,0,0,0
"244",3010,NA,"Date palm","8.2.2012",8,2,2012,NA,"5","23.7542","89.76737",3,40,36,3,40,39,3,2,2,1,0,NA,1,1,1,"AM",1,0,0,0
"245",3010,NA,"Date palm","8.2.2012",8,2,2012,NA,"5","23.7542","89.76737",3,40,47,3,40,49,2,1,2,1,0,NA,1,1,1,"AM",1,0,0,0
"246",3010,NA,"Date palm","8.2.2012",8,2,2012,NA,"5","23.7542","89.76737",3,41,15,3,41,17,2,1,2,1,0,NA,1,1,1,"AM",1,0,0,0
"247",3010,NA,"Date palm","8.2.2012",8,2,2012,NA,"5","23.7542","89.76737",3,41,55,3,41,59,4,3,2,1,0,NA,1,1,1,"AM",1,0,0,0
"248",3010,NA,"Date palm","8.2.2012",8,2,2012,NA,"5","23.7542","89.76737",3,42,36,3,44,38,122,121,2,1,0,NA,1,1,1,"AM",1,0,0,0
"249",3010,NA,"Date palm","8.2.2012",8,2,2012,NA,"5","23.7542","89.76737",4,4,1,4,4,3,2,1,2,1,0,NA,1,1,1,"AM",1,0,0,0
"250",3010,NA,"Date palm","8.2.2012",8,2,2012,NA,"5","23.7542","89.76737",4,4,15,4,4,47,32,31,2,1,0,NA,1,1,1,"AM",1,0,0,0
"251",3010,NA,"Date palm","8.2.2012",8,2,2012,NA,"5","23.7542","89.76737",4,5,37,4,7,22,105,104,2,1,0,NA,1,1,1,"AM",1,0,0,0
"252",3010,NA,"Date palm","8.2.2012",8,2,2012,NA,"5","23.7542","89.76737",4,21,1,4,24,25,204,203,2,1,0,NA,1,1,1,"AM",1,0,0,0
"253",3010,NA,"Date palm","8.2.2012",8,2,2012,NA,"5","23.7542","89.76737",5,16,42,5,16,44,2,1,2,1,0,NA,1,1,1,"AM",1,0,0,0
"254",3011,NA,"Date palm","23.12.2011",23,12,2011,NA,"2","23.54125","89.74062",NA,NA,NA,NA,NA,NA,0,0,0,0,3,NA,0,0,0,NA,1,0,0,0
"255",3011,NA,"Date palm","24.12.2011",24,12,2011,NA,"2","23.53974","89.74352",6,0,13,6,0,32,19,18,2,1,0,NA,1,1,1,"PM",1,0,0,0
"256",3011,NA,"Date palm","24.12.2011",24,12,2011,NA,"2","23.53974","89.74352",6,0,51,6,0,52,1,0,0,0,0,NA,1,0,0,"PM",1,0,0,0
"257",3011,NA,"Date palm","24.12.2011",24,12,2011,NA,"2","23.53974","89.74352",6,1,24,6,2,26,62,61,2,1,0,NA,1,1,1,"PM",1,0,0,0
"258",3011,NA,"Date palm","24.12.2011",24,12,2011,NA,"2","23.53974","89.74352",6,5,11,6,5,12,1,0,0,0,0,NA,1,0,0,"PM",1,0,0,0
"259",3011,NA,"Date palm","24.12.2011",24,12,2011,NA,"2","23.53974","89.74352",6,6,11,6,6,12,1,0,0,0,0,NA,1,0,0,"PM",1,0,0,0
"260",3011,NA,"Date palm","24.12.2011",24,12,2011,NA,"2","23.53974","89.74352",6,6,50,6,6,51,1,0,0,0,0,NA,1,0,0,"PM",1,0,0,0
"261",3011,NA,"Date palm","24.12.2011",24,12,2011,NA,"2","23.53974","89.74352",6,8,10,6,10,39,149,148,2,1,0,NA,1,1,1,"PM",1,0,0,0
"262",3011,NA,"Date palm","24.12.2011",24,12,2011,NA,"2","23.53974","89.74352",6,13,34,6,18,24,290,289,2,1,0,NA,1,1,1,"PM",1,0,0,0
"263",3011,NA,"Date palm","24.12.2011",24,12,2011,NA,"2","23.53974","89.74352",6,18,39,8,18,40,7201,7200,2,1,0,NA,1,1,1,"PM",1,0,0,0
"264",3011,NA,"Date palm","24.12.2011",24,12,2011,NA,"2","23.53974","89.74352",6,29,41,6,32,27,166,165,2,1,0,NA,1,1,1,"PM",1,0,0,0
"265",3011,NA,"Date palm","24.12.2011",24,12,2011,NA,"2","23.53974","89.74352",6,32,32,6,32,34,2,1,2,1,0,NA,1,1,1,"PM",1,0,0,0
"266",3011,NA,"Date palm","24.12.2011",24,12,2011,NA,"2","23.53974","89.74352",6,32,40,6,32,49,9,8,2,1,0,NA,1,1,1,"PM",1,0,0,0
"267",3011,NA,"Date palm","24.12.2011",24,12,2011,NA,"2","23.53974","89.74352",6,32,48,6,32,49,1,0,0,0,0,NA,1,0,0,"PM",1,0,0,0
"268",3011,NA,"Date palm","24.12.2011",24,12,2011,NA,"2","23.53974","89.74352",6,38,0,6,38,2,2,1,2,1,0,NA,1,1,1,"PM",1,0,0,0
"269",3011,NA,"Date palm","24.12.2011",24,12,2011,NA,"2","23.53974","89.74352",6,41,2,6,41,3,1,0,0,0,0,NA,1,0,0,"PM",1,0,0,0
"270",3011,NA,"Date palm","24.12.2011",24,12,2011,NA,"2","23.53974","89.74352",6,41,8,6,41,9,1,0,0,0,0,NA,1,0,0,"PM",1,0,0,0
"271",3011,NA,"Date palm","24.12.2011",24,12,2011,NA,"2","23.53974","89.74352",6,42,33,6,42,34,1,0,0,0,0,NA,1,0,0,"PM",1,0,0,0
"272",3011,NA,"Date palm","24.12.2011",24,12,2011,NA,"2","23.53974","89.74352",6,42,39,6,42,40,1,0,0,0,0,NA,1,0,0,"PM",1,0,0,0
"273",3011,NA,"Date palm","24.12.2011",24,12,2011,NA,"2","23.53974","89.74352",6,42,45,6,42,46,1,0,0,0,0,NA,1,0,0,"PM",1,0,0,0
"274",3011,NA,"Date palm","24.12.2011",24,12,2011,NA,"2","23.53974","89.74352",6,43,38,6,43,43,5,4,2,1,0,NA,1,1,1,"PM",1,0,0,0
"275",3011,NA,"Date palm","24.12.2011",24,12,2011,NA,"2","23.53974","89.74352",6,43,47,6,43,49,2,1,2,1,0,NA,1,1,1,"PM",1,0,0,0
"276",3011,NA,"Date palm","24.12.2011",24,12,2011,NA,"2","23.53974","89.74352",6,44,30,6,44,31,1,0,0,0,0,NA,1,0,0,"PM",1,0,0,0
"277",3011,NA,"Date palm","24.12.2011",24,12,2011,NA,"2","23.53974","89.74352",6,46,14,6,52,41,387,386,2,1,0,NA,1,1,1,"PM",1,0,0,0
"278",3011,NA,"Date palm","24.12.2011",24,12,2011,NA,"2","23.53974","89.74352",7,5,10,7,5,11,1,0,0,0,0,NA,1,0,0,"PM",1,0,0,0
"279",3011,NA,"Date palm","24.12.2011",24,12,2011,NA,"2","23.53974","89.74352",7,6,16,7,10,35,259,258,2,1,0,NA,1,1,1,"PM",1,0,0,0
"280",3011,NA,"Date palm","24.12.2011",24,12,2011,NA,"2","23.53974","89.74352",7,10,35,7,10,36,1,0,0,0,0,NA,1,0,0,"PM",1,0,0,0
"281",3011,NA,"Date palm","24.12.2011",24,12,2011,NA,"2","23.53974","89.74352",7,10,50,7,13,0,130,129,2,1,0,NA,1,1,1,"PM",1,0,0,0
"282",3011,NA,"Date palm","24.12.2011",24,12,2011,NA,"2","23.53974","89.74352",7,13,12,7,13,30,18,17,2,1,0,NA,1,1,1,"PM",1,0,0,0
"283",3011,NA,"Date palm","24.12.2011",24,12,2011,NA,"2","23.53974","89.74352",7,17,15,7,23,5,350,349,2,1,0,NA,1,1,1,"PM",1,0,0,0
"284",3011,NA,"Date palm","24.12.2011",24,12,2011,NA,"2","23.53974","89.74352",7,36,58,7,36,59,1,0,0,0,0,NA,1,0,0,"PM",1,0,0,0
"285",3011,NA,"Date palm","24.12.2011",24,12,2011,NA,"2","23.53974","89.74352",7,37,26,7,37,27,1,0,0,0,0,NA,1,0,0,"PM",1,0,0,0
"286",3011,NA,"Date palm","24.12.2011",24,12,2011,NA,"2","23.53974","89.74352",7,38,26,7,38,27,1,0,0,0,0,NA,1,0,0,"PM",1,0,0,0
"287",3011,NA,"Date palm","24.12.2011",24,12,2011,NA,"2","23.53974","89.74352",7,39,32,7,41,53,141,140,2,1,0,NA,1,1,1,"PM",1,0,0,0
"288",3011,NA,"Date palm","24.12.2011",24,12,2011,NA,"2","23.53974","89.74352",7,41,29,7,41,30,1,0,0,0,0,NA,1,0,0,"PM",1,0,0,0
"289",3011,NA,"Date palm","24.12.2011",24,12,2011,NA,"2","23.53974","89.74352",7,41,31,7,41,32,1,0,0,0,0,NA,1,0,0,"PM",1,0,0,0
"290",3011,NA,"Date palm","24.12.2011",24,12,2011,NA,"2","23.53974","89.74352",7,41,53,7,41,57,4,3,2,1,0,NA,1,1,1,"PM",1,0,0,0
"291",3011,NA,"Date palm","24.12.2011",24,12,2011,NA,"2","23.53974","89.74352",7,41,57,7,41,58,1,0,0,0,0,NA,1,0,0,"PM",1,0,0,0
"292",3011,NA,"Date palm","24.12.2011",24,12,2011,NA,"2","23.53974","89.74352",7,42,14,7,42,15,1,0,0,0,0,NA,1,0,0,"PM",1,0,0,0
"293",3011,NA,"Date palm","24.12.2011",24,12,2011,NA,"2","23.53974","89.74352",7,43,12,7,45,41,149,148,2,1,0,NA,1,1,1,"PM",1,0,0,0
"294",3011,NA,"Date palm","24.12.2011",24,12,2011,NA,"2","23.53974","89.74352",7,46,7,7,52,2,355,354,2,1,0,NA,1,1,1,"PM",1,0,0,0
"295",3011,NA,"Date palm","24.12.2011",24,12,2011,NA,"2","23.53974","89.74352",8,10,16,8,10,17,1,0,0,0,0,NA,1,0,0,"PM",1,0,0,0
"296",3011,NA,"Date palm","24.12.2011",24,12,2011,NA,"2","23.53974","89.74352",8,11,25,8,16,27,302,301,2,1,0,NA,1,1,1,"PM",1,0,0,0
"297",3011,NA,"Date palm","24.12.2011",24,12,2011,NA,"2","23.53974","89.74352",8,28,59,8,39,47,648,647,2,1,0,NA,1,1,1,"PM",1,0,0,0
"298",3011,NA,"Date palm","24.12.2011",24,12,2011,NA,"2","23.53974","89.74352",8,50,14,8,50,16,2,1,2,1,0,NA,1,1,1,"PM",1,0,0,0
"299",3011,NA,"Date palm","24.12.2011",24,12,2011,NA,"2","23.53974","89.74352",9,4,41,9,6,31,110,109,2,1,0,NA,1,1,1,"PM",1,0,0,0
"300",3011,NA,"Date palm","24.12.2011",24,12,2011,NA,"2","23.53974","89.74352",9,11,5,9,12,4,59,58,2,1,0,NA,1,1,1,"PM",1,0,0,0
"301",3011,NA,"Date palm","24.12.2011",24,12,2011,NA,"2","23.53974","89.74352",9,18,12,9,18,14,2,1,2,1,0,NA,1,1,1,"PM",1,0,0,0
"302",3011,NA,"Date palm","24.12.2011",24,12,2011,NA,"2","23.53974","89.74352",9,20,37,9,20,59,22,21,2,1,0,NA,1,1,1,"PM",1,0,0,0
"303",3011,NA,"Date palm","24.12.2011",24,12,2011,NA,"2","23.53974","89.74352",9,21,5,9,22,33,88,87,2,1,0,NA,1,1,1,"PM",1,0,0,0
"304",3011,NA,"Date palm","24.12.2011",24,12,2011,NA,"2","23.53974","89.74352",9,25,10,9,25,11,1,0,0,0,0,NA,1,0,0,"PM",1,0,0,0
"305",3011,NA,"Date palm","24.12.2011",24,12,2011,NA,"2","23.53974","89.74352",9,25,11,9,25,12,1,0,0,0,0,NA,1,0,0,"PM",1,0,0,0
"306",3011,NA,"Date palm","24.12.2011",24,12,2011,NA,"2","23.53974","89.74352",9,25,19,9,25,22,3,2,2,1,0,NA,1,1,1,"PM",1,0,0,0
"307",3011,NA,"Date palm","24.12.2011",24,12,2011,NA,"2","23.53974","89.74352",9,27,27,9,28,57,90,89,2,1,0,NA,1,1,1,"PM",1,0,0,0
"308",3011,NA,"Date palm","24.12.2011",24,12,2011,NA,"2","23.53974","89.74352",9,27,39,9,29,2,83,82,2,1,0,NA,1,1,1,"PM",1,0,0,0
"309",3011,NA,"Date palm","24.12.2011",24,12,2011,NA,"2","23.53974","89.74352",9,27,39,9,36,14,515,514,2,1,0,NA,1,1,1,"PM",1,0,0,0
"310",3011,NA,"Date palm","24.12.2011",24,12,2011,NA,"2","23.53974","89.74352",9,58,22,9,58,23,1,0,0,0,0,NA,1,0,0,"PM",1,0,0,0
"311",3011,NA,"Date palm","24.12.2011",24,12,2011,NA,"2","23.53974","89.74352",10,3,25,10,12,45,560,559,2,1,0,NA,1,1,1,"PM",1,0,0,0
"312",3011,NA,"Date palm","24.12.2011",24,12,2011,NA,"2","23.53974","89.74352",10,29,34,10,30,35,61,60,2,1,0,NA,1,1,1,"PM",1,0,0,0
"313",3011,NA,"Date palm","24.12.2011",24,12,2011,NA,"2","23.53974","89.74352",10,40,13,10,40,46,33,32,2,1,0,NA,1,1,1,"PM",1,0,0,0
"314",3011,NA,"Date palm","24.12.2011",24,12,2011,NA,"2","23.53974","89.74352",10,42,38,10,42,40,2,1,2,1,0,NA,1,1,1,"PM",1,0,0,0
"315",3011,NA,"Date palm","24.12.2011",24,12,2011,NA,"2","23.53974","89.74352",10,42,44,10,43,3,19,18,2,1,0,NA,1,1,1,"PM",1,0,0,0
"316",3011,NA,"Date palm","24.12.2011",24,12,2011,NA,"2","23.53974","89.74352",10,49,24,10,54,14,290,289,2,1,0,NA,1,1,1,"PM",1,0,0,0
"317",3011,NA,"Date palm","24.12.2011",24,12,2011,NA,"2","23.53974","89.74352",10,57,14,10,59,44,150,149,2,1,0,NA,1,1,1,"PM",1,0,0,0
"318",3011,NA,"Date palm","24.12.2011",24,12,2011,NA,"2","23.53974","89.74352",11,15,0,11,16,47,107,106,2,1,0,NA,1,1,1,"PM",1,0,0,0
"319",3011,NA,"Date palm","24.12.2011",24,12,2011,NA,"2","23.53974","89.74352",11,41,8,11,41,48,40,39,2,1,0,NA,1,1,1,"PM",1,0,0,0
"320",3011,NA,"Date palm","24.12.2011",24,12,2011,NA,"2","23.53974","89.74352",11,42,12,11,43,13,61,60,2,1,0,NA,1,1,1,"PM",1,0,0,0
"321",3011,NA,"Date palm","24.12.2011",24,12,2011,NA,"2","23.53974","89.74352",11,43,19,11,44,38,79,78,2,1,0,NA,1,1,1,"PM",1,0,0,0
"322",3011,NA,"Date palm","24.12.2011",24,12,2011,NA,"2","23.53974","89.74352",11,44,44,11,47,32,168,167,2,1,0,NA,1,1,1,"PM",1,0,0,0
"323",3011,NA,"Date palm","24.12.2011",24,12,2011,NA,"2","23.53974","89.74352",12,5,58,12,6,0,2,1,2,1,0,NA,1,1,1,"AM",1,0,0,0
"324",3011,NA,"Date palm","24.12.2011",24,12,2011,NA,"2","23.53974","89.74352",12,13,59,12,14,3,4,3,2,1,0,NA,1,1,1,"AM",1,0,0,0
"325",3011,NA,"Date palm","24.12.2011",24,12,2011,NA,"2","23.53974","89.74352",12,25,56,12,29,14,198,197,2,1,0,NA,1,1,1,"AM",1,0,0,0
"326",3011,NA,"Date palm","24.12.2011",24,12,2011,NA,"2","23.53974","89.74352",12,34,4,12,35,49,105,104,2,1,0,NA,1,1,1,"AM",1,0,0,0
"327",3011,NA,"Date palm","24.12.2011",24,12,2011,NA,"2","23.53974","89.74352",12,55,25,12,57,26,121,120,2,1,0,NA,1,1,1,"AM",1,0,0,0
"328",3011,NA,"Date palm","24.12.2011",24,12,2011,NA,"2","23.53974","89.74352",12,55,25,12,57,26,121,120,2,1,0,NA,1,1,1,"AM",1,0,0,0
"329",3011,NA,"Date palm","24.12.2011",24,12,2011,NA,"2","23.53974","89.74352",1,16,14,1,16,15,1,0,0,0,0,NA,1,0,0,"AM",1,0,0,0
"330",3011,NA,"Date palm","24.12.2011",24,12,2011,NA,"2","23.53974","89.74352",1,28,45,1,29,46,61,60,2,1,0,NA,1,1,1,"AM",1,0,0,0
"331",3011,NA,"Date palm","24.12.2011",24,12,2011,NA,"2","23.53974","89.74352",1,32,7,1,32,9,2,1,2,1,0,NA,1,1,1,"AM",1,0,0,0
"332",3011,NA,"Date palm","24.12.2011",24,12,2011,NA,"2","23.53974","89.74352",1,36,42,1,36,43,1,0,0,0,0,NA,1,0,0,"AM",1,0,0,0
"333",3011,NA,"Date palm","24.12.2011",24,12,2011,NA,"2","23.53974","89.74352",1,38,29,1,38,31,2,1,2,1,0,NA,1,1,1,"AM",1,0,0,0
"334",3011,NA,"Date palm","24.12.2011",24,12,2011,NA,"2","23.53974","89.74352",1,51,3,1,51,30,27,26,2,1,0,NA,1,1,1,"AM",1,0,0,0
"335",3011,NA,"Date palm","24.12.2011",24,12,2011,NA,"2","23.53974","89.74352",1,51,8,1,51,30,22,21,2,1,0,NA,1,1,1,"AM",1,0,0,0
"336",3011,NA,"Date palm","24.12.2011",24,12,2011,NA,"2","23.53974","89.74352",1,51,43,1,51,44,1,0,0,0,0,NA,1,0,0,"AM",1,0,0,0
"337",3011,NA,"Date palm","24.12.2011",24,12,2011,NA,"2","23.53974","89.74352",1,52,9,1,52,15,6,5,2,1,0,NA,1,1,1,"AM",1,0,0,0
"338",3011,NA,"Date palm","24.12.2011",24,12,2011,NA,"2","23.53974","89.74352",1,52,36,1,54,58,142,141,2,1,0,NA,1,1,1,"AM",1,0,0,0
"339",3011,NA,"Date palm","24.12.2011",24,12,2011,NA,"2","23.53974","89.74352",2,5,5,2,5,7,2,1,2,1,0,NA,1,1,1,"AM",1,0,0,0
"340",3011,NA,"Date palm","24.12.2011",24,12,2011,NA,"2","23.53974","89.74352",2,24,2,2,24,3,1,0,0,0,0,NA,1,0,0,"AM",1,0,0,0
"341",3011,NA,"Date palm","24.12.2011",24,12,2011,NA,"2","23.53974","89.74352",2,25,22,2,25,24,2,1,2,1,0,NA,1,1,1,"AM",1,0,0,0
"342",3011,NA,"Date palm","24.12.2011",24,12,2011,NA,"2","23.53974","89.74352",2,29,54,2,34,2,248,247,2,1,0,NA,1,1,1,"AM",1,0,0,0
"343",3011,NA,"Date palm","24.12.2011",24,12,2011,NA,"2","23.53974","89.74352",2,42,12,2,42,13,1,0,0,0,0,NA,1,0,0,"AM",1,0,0,0
"344",3011,NA,"Date palm","24.12.2011",24,12,2011,NA,"2","23.53974","89.74352",2,42,12,2,42,13,1,0,0,0,0,NA,1,0,0,"AM",1,0,0,0
"345",3011,NA,"Date palm","24.12.2011",24,12,2011,NA,"2","23.53974","89.74352",3,47,59,3,52,36,277,276,2,1,0,NA,1,1,1,"AM",1,0,0,0
"346",3011,NA,"Date palm","24.12.2011",24,12,2011,NA,"2","23.53974","89.74352",3,52,42,3,52,44,2,1,2,1,0,NA,1,1,1,"AM",1,0,0,0
"347",3011,NA,"Date palm","24.12.2011",24,12,2011,NA,"2","23.53974","89.74352",3,57,31,3,58,0,29,28,2,1,0,NA,1,1,1,"AM",1,0,0,0
"348",3011,NA,"Date palm","24.12.2011",24,12,2011,NA,"2","23.53974","89.74352",3,58,6,3,58,28,22,21,2,1,0,NA,1,1,1,"AM",1,0,0,0
"349",3011,NA,"Date palm","24.12.2011",24,12,2011,NA,"2","23.53974","89.74352",4,8,20,4,8,21,1,0,0,0,0,NA,1,0,0,"AM",1,0,0,0
"350",3011,NA,"Date palm","24.12.2011",24,12,2011,NA,"2","23.53974","89.74352",4,14,16,4,14,17,1,0,0,0,0,NA,1,0,0,"AM",1,0,0,0
"351",3011,NA,"Date palm","24.12.2011",24,12,2011,NA,"2","23.53974","89.74352",4,14,28,4,14,30,2,1,2,1,0,NA,1,1,1,"AM",1,0,0,0
"352",3011,NA,"Date palm","24.12.2011",24,12,2011,NA,"2","23.53974","89.74352",4,15,43,4,15,44,1,0,0,0,0,NA,1,0,0,"AM",1,0,0,0
"353",3011,NA,"Date palm","24.12.2011",24,12,2011,NA,"2","23.53974","89.74352",4,17,24,4,17,28,4,3,2,1,0,NA,1,1,1,"AM",1,0,0,0
"354",3011,NA,"Date palm","24.12.2011",24,12,2011,NA,"2","23.53974","89.74352",4,20,44,4,25,10,266,265,2,1,0,NA,1,1,1,"AM",1,0,0,0
"355",3011,NA,"Date palm","24.12.2011",24,12,2011,NA,"2","23.53974","89.74352",4,43,21,4,49,54,393,392,2,1,0,NA,1,1,1,"AM",1,0,0,0
"356",3011,NA,"Date palm","24.12.2011",24,12,2011,NA,"2","23.53974","89.74352",4,50,1,4,50,3,2,1,2,1,0,NA,1,1,1,"AM",1,0,0,0
"357",3011,NA,"Date palm","24.12.2011",24,12,2011,NA,"2","23.53974","89.74352",5,3,22,5,3,23,1,0,0,0,0,NA,1,0,0,"AM",1,0,0,0
"358",3011,NA,"Date palm","24.12.2011",24,12,2011,NA,"2","23.53974","89.74352",5,4,40,5,5,5,25,24,2,1,0,NA,1,1,1,"AM",1,0,0,0
"359",3011,NA,"Date palm","24.12.2011",24,12,2011,NA,"2","23.53974","89.74352",5,11,52,5,11,54,2,1,2,1,0,NA,1,1,1,"AM",1,0,0,0
"360",3011,NA,"Date palm","24.12.2011",24,12,2011,NA,"2","23.53974","89.74352",5,41,49,5,42,46,57,56,2,1,0,NA,1,1,1,"AM",1,0,0,0
"361",3011,NA,"Date palm","24.12.2011",24,12,2011,NA,"2","23.53974","89.74352",5,41,49,5,42,46,57,56,2,1,0,NA,1,1,1,"AM",1,0,0,0
