"","Village_ID","Tree_number","Tree_type","Date_of_observation","Day","Month","Year","Camera_number","Tree_coordinates_east","Tree_coordinates_west","In_H","In_M","In_S","Out_H","Out_M","Out_S","DurStayT","DurContT","Way","Con_place","P_NP","Comments","Number_of_visits","Number_of_stays","Number_of_contaminations","AM_PM"
"1",1004,"1004.ICF1","Guava","08.12.12",8,12,2012,"7",23.94794,90.50019,9,30,29,9,30,30,1,0,0,0,2,NA,1,0,0,"PM"
"2",1004,"1004.ICF1","Guava","08.12.12",8,12,2012,"7",23.94794,90.50019,1,46,11,1,46,12,1,0,0,0,0,NA,1,0,0,"AM"
"3",1004,"1004.ICF1","Guava","08.12.12",8,12,2012,"7",23.94794,90.50019,1,46,42,1,46,43,1,0,0,0,0,NA,1,0,0,"AM"
"4",1004,"1004.ICF1","Guava","08.12.12",8,12,2012,"7",23.94794,90.50019,1,46,49,1,46,50,1,0,0,0,0,NA,1,0,0,"AM"
"5",1004,"1004.ICF1","Guava","08.12.12",8,12,2012,"7",23.94794,90.50019,1,47,7,1,47,8,1,0,0,0,2,NA,1,0,0,"AM"
"6",1004,"1004.ICF1","Guava","08.12.12",8,12,2012,"7",23.94794,90.50019,4,40,8,4,40,16,8,7,1,2,0,NA,1,1,1,"AM"
"7",1004,"1004.ICF2","Banana","08.12.12",8,12,2012,"8",23.94794,90.50019,6,22,54,6,23,9,15,14,1,2,0,NA,1,1,1,"PM"
"8",1004,"1004.ICF2","Banana","08.12.12",8,12,2012,"8",23.94794,90.50019,6,28,42,6,28,50,8,7,1,2,0,NA,1,1,1,"PM"
"9",1004,"1004.ICF2","Banana","08.12.12",8,12,2012,"8",23.94794,90.50019,6,37,16,6,37,18,2,1,1,2,0,NA,1,1,1,"PM"
"10",1004,"1004.ICF2","Banana","08.12.12",8,12,2012,"8",23.94794,90.50019,7,1,54,7,1,56,2,1,1,2,0,NA,1,1,1,"PM"
"11",1004,"1004.ICF2","Banana","08.12.12",8,12,2012,"8",23.94794,90.50019,7,5,2,7,5,4,2,1,1,2,0,NA,1,1,1,"PM"
"12",1004,"1004.ICF2","Banana","08.12.12",8,12,2012,"8",23.94794,90.50019,7,6,42,7,6,44,2,1,1,2,0,NA,1,1,1,"PM"
"13",1004,"1004.ICF2","Banana","08.12.12",8,12,2012,"8",23.94794,90.50019,7,9,10,7,9,18,8,7,1,2,0,NA,1,1,1,"PM"
"14",1004,"1004.ICF2","Banana","08.12.12",8,12,2012,"8",23.94794,90.50019,7,14,10,7,14,12,2,1,1,2,0,NA,1,1,1,"PM"
"15",1004,"1004.ICF2","Banana","08.12.12",8,12,2012,"8",23.94794,90.50019,7,16,15,7,16,17,2,1,1,2,0,NA,1,1,1,"PM"
"16",1004,"1004.ICF2","Banana","08.12.12",8,12,2012,"8",23.94794,90.50019,7,34,33,7,34,35,2,1,1,2,0,NA,1,1,1,"PM"
"17",1004,"1004.ICF2","Banana","08.12.12",8,12,2012,"8",23.94794,90.50019,7,38,16,7,38,18,2,1,1,2,0,NA,1,1,1,"PM"
"18",1004,"1004.ICF2","Banana","08.12.12",8,12,2012,"8",23.94794,90.50019,7,41,28,7,41,30,2,1,1,2,0,NA,1,1,1,"PM"
"19",1004,"1004.ICF2","Banana","08.12.12",8,12,2012,"8",23.94794,90.50019,7,45,30,7,45,32,2,1,1,2,0,NA,1,1,1,"PM"
"20",1004,"1004.ICF2","Banana","08.12.12",8,12,2012,"8",23.94794,90.50019,7,57,16,7,57,18,2,1,1,2,0,NA,1,1,1,"PM"
"21",1004,"1004.ICF2","Banana","08.12.12",8,12,2012,"8",23.94794,90.50019,7,59,6,7,59,15,9,8,1,2,0,NA,1,1,1,"PM"
"22",1004,"1004.ICF2","Banana","08.12.12",8,12,2012,"8",23.94794,90.50019,8,4,42,8,4,44,2,1,1,2,0,NA,1,1,1,"PM"
"23",1004,"1004.ICF2","Banana","08.12.12",8,12,2012,"8",23.94794,90.50019,8,10,14,8,11,49,95,94,1,2,0,NA,1,1,1,"PM"
"24",1004,"1004.ICF2","Banana","08.12.12",8,12,2012,"8",23.94794,90.50019,8,15,39,8,15,41,2,1,1,2,0,NA,1,1,1,"PM"
"25",1004,"1004.ICF2","Banana","08.12.12",8,12,2012,"8",23.94794,90.50019,8,33,31,8,33,33,2,1,1,2,0,NA,1,1,1,"PM"
"26",1004,"1004.ICF2","Banana","08.12.12",8,12,2012,"8",23.94794,90.50019,8,36,55,8,36,57,2,1,1,2,0,NA,1,1,1,"PM"
"27",1004,"1004.ICF2","Banana","08.12.12",8,12,2012,"8",23.94794,90.50019,10,22,30,10,22,32,2,1,1,2,0,NA,1,1,1,"PM"
"28",1004,"1004.ICF2","Banana","08.12.12",8,12,2012,"8",23.94794,90.50019,10,46,6,10,46,7,1,0,0,0,2,NA,1,0,0,"PM"
"29",1004,"1004.ICF2","Banana","08.12.12",8,12,2012,"8",23.94794,90.50019,11,1,42,11,1,43,1,0,0,0,2,NA,1,0,0,"PM"
"30",1004,"1004.ICF2","Banana","08.12.12",8,12,2012,"8",23.94794,90.50019,11,36,40,11,36,41,1,0,0,0,2,NA,1,0,0,"PM"
"31",1004,"1004.ICF2","Banana","08.12.12",8,12,2012,"8",23.94794,90.50019,1,0,10,1,0,11,1,0,0,0,0,NA,1,0,0,"AM"
"32",1004,"1004.ICF2","Banana","08.12.12",8,12,2012,"8",23.94794,90.50019,1,52,39,1,52,40,1,0,0,0,0,NA,1,0,0,"AM"
"33",1004,"1004.ICF2","Banana","08.12.12",8,12,2012,"8",23.94794,90.50019,1,52,59,1,53,1,2,1,1,0,0,NA,1,1,1,"AM"
"34",1004,"1004.ICF2","Banana","08.12.12",8,12,2012,"8",23.94794,90.50019,1,53,0,1,53,1,1,0,0,0,2,NA,1,0,0,"AM"
"35",1004,"1004.ICF2","Banana","08.12.12",8,12,2012,"8",23.94794,90.50019,1,53,8,1,53,10,2,1,1,2,2,NA,1,1,1,"AM"
"36",1004,"1004.ICF2","Banana","08.12.12",8,12,2012,"8",23.94794,90.50019,1,56,33,1,56,34,1,0,0,0,2,NA,1,0,0,"AM"
"37",1004,"1004.ICF2","Banana","08.12.12",8,12,2012,"8",23.94794,90.50019,2,18,21,2,18,22,1,0,0,0,2,NA,1,0,0,"AM"
"38",1004,"1004.ICF2","Banana","08.12.12",8,12,2012,"8",23.94794,90.50019,2,43,44,2,43,45,1,0,0,0,2,NA,1,0,0,"AM"
"39",1004,"1004.ICF2","Banana","08.12.12",8,12,2012,"8",23.94794,90.50019,2,43,45,2,43,46,1,0,0,0,2,NA,1,0,0,"AM"
"40",1004,"1004.ICF2","Banana","08.12.12",8,12,2012,"8",23.94794,90.50019,2,57,43,2,57,45,2,1,1,2,2,NA,1,1,1,"AM"
"41",1004,"1004.ICF2","Banana","08.12.12",8,12,2012,"8",23.94794,90.50019,3,14,27,3,14,28,1,0,0,0,2,NA,1,0,0,"AM"
"42",1004,"1004.ICF2","Banana","08.12.12",8,12,2012,"8",23.94794,90.50019,3,17,42,3,17,43,1,0,0,0,2,NA,1,0,0,"AM"
"43",1004,"1004.ICF2","Banana","08.12.12",8,12,2012,"8",23.94794,90.50019,3,25,58,3,25,59,1,0,0,0,2,NA,1,0,0,"AM"
"44",1004,"1004.ICF2","Banana","08.12.12",8,12,2012,"8",23.94794,90.50019,3,44,52,3,44,53,1,0,0,0,2,NA,1,0,0,"AM"
"45",1004,"1004.ICF2","Banana","08.12.12",8,12,2012,"8",23.94794,90.50019,3,49,44,3,49,45,1,0,0,0,2,NA,1,0,0,"AM"
"46",1004,"1004.ICF2","Banana","08.12.12",8,12,2012,"8",23.94794,90.50019,3,55,6,3,55,7,1,0,0,0,2,NA,1,0,0,"AM"
"47",1004,"1004.ICF2","Banana","08.12.12",8,12,2012,"8",23.94794,90.50019,3,59,9,3,59,11,2,1,1,2,2,NA,1,1,1,"AM"
"48",1004,"1004.ICF2","Banana","08.12.12",8,12,2012,"8",23.94794,90.50019,4,0,13,4,0,15,2,1,1,2,0,NA,1,1,1,"AM"
"49",1004,"1004.ICF2","Banana","08.12.12",8,12,2012,"8",23.94794,90.50019,4,0,15,4,0,16,1,0,0,0,2,NA,1,0,0,"AM"
"50",1004,"1004.ICF2","Banana","08.12.12",8,12,2012,"8",23.94794,90.50019,4,3,4,4,3,20,16,15,1,2,0,NA,1,1,1,"AM"
"51",1004,"1004.ICF2","Banana","08.12.12",8,12,2012,"8",23.94794,90.50019,4,3,4,4,3,20,16,15,1,2,0,NA,1,1,1,"AM"
"52",1004,"1004.ICF2","Banana","08.12.12",8,12,2012,"8",23.94794,90.50019,4,3,30,4,3,32,2,1,1,2,2,NA,1,1,1,"AM"
"53",1004,"1004.ICF2","Banana","08.12.12",8,12,2012,"8",23.94794,90.50019,4,4,49,4,4,52,3,2,1,2,0,NA,1,1,1,"AM"
"54",1004,"1004.ICF2","Banana","08.12.12",8,12,2012,"8",23.94794,90.50019,4,7,2,4,7,3,1,0,0,0,2,NA,1,0,0,"AM"
"55",1004,"1004.ICF2","Banana","08.12.12",8,12,2012,"8",23.94794,90.50019,4,9,20,4,9,22,2,1,1,2,0,NA,1,1,1,"AM"
"56",1004,"1004.ICF2","Banana","08.12.12",8,12,2012,"8",23.94794,90.50019,4,9,46,4,9,48,2,1,1,2,0,NA,1,1,1,"AM"
"57",1004,"1004.ICF2","Banana","08.12.12",8,12,2012,"8",23.94794,90.50019,4,12,59,4,13,1,2,1,1,2,0,NA,1,1,1,"AM"
"58",1004,"1004.ICF2","Banana","08.12.12",8,12,2012,"8",23.94794,90.50019,4,21,27,4,21,28,1,0,0,0,0,NA,1,0,0,"AM"
"59",1004,"1004.ICF2","Banana","08.12.12",8,12,2012,"8",23.94794,90.50019,4,30,2,4,30,4,2,1,1,2,0,NA,1,1,1,"AM"
"60",1004,"1004.ICF2","Banana","08.12.12",8,12,2012,"8",23.94794,90.50019,4,56,25,4,56,27,2,1,1,2,2,NA,1,1,1,"AM"
"61",1004,"1004.ICF2","Banana","08.12.12",8,12,2012,"8",23.94794,90.50019,5,23,23,5,23,24,1,0,0,0,2,NA,1,0,0,"AM"
"62",1004,"1004.ICF2","Banana","08.12.12",8,12,2012,"8",23.94794,90.50019,5,29,19,5,29,20,1,0,0,0,0,NA,1,0,0,"AM"
"63",1004,"1004.ICF2","Banana","08.12.12",8,12,2012,"8",23.94794,90.50019,5,35,58,5,35,59,1,0,0,0,0,NA,1,0,0,"AM"
"64",1005,"1005.ICF2","Jujube","12.1.2012",12,1,2012,"5",23.03924,90.25507,NA,NA,NA,NA,NA,NA,0,0,0,0,3,NA,0,0,0,"missing"
"65",1005,"1005.ICF1","Tamarind","12.1.2012",12,1,2012,"2",23.03924,90.25507,NA,NA,NA,NA,NA,NA,0,0,0,0,3,NA,0,0,0,"missing"
"66",1006,"1006.ICF6","Jujube","6.1.2012",6,1,2012,"4",23.48763,89.1837,NA,NA,NA,NA,NA,NA,0,0,0,0,3,NA,0,0,0,"missing"
"67",1006,"1006.ICF4","Guava","6.1.2012",6,1,2012,"3",23.48799,89.18525,NA,NA,NA,NA,NA,NA,0,0,0,0,3,NA,0,0,0,"missing"
"68",1007,"1007.ICF1","Jujube","17.12.11",17,12,2011,"7",24.63255,89.9235,12,59,10,12,59,11,1,0,0,0,2,NA,1,0,0,"AM"
"69",1007,"1007.ICF1","Jujube","17.12.11",17,12,2011,"7",24.63255,89.9235,12,59,22,12,59,37,15,14,2,2,0,NA,1,1,1,"AM"
"70",1007,"1007.ICF1","Jujube","17.12.11",17,12,2011,"7",24.63255,89.9235,1,25,6,1,25,9,3,2,2,2,0,NA,1,1,1,"AM"
"71",1007,"1007.ICF1","Jujube","17.12.11",17,12,2011,"7",24.63255,89.9235,2,52,25,2,52,53,28,27,2,2,2,NA,1,1,1,"AM"
"72",1007,"1007.ICF1","Jujube","17.12.11",17,12,2011,"7",24.63255,89.9235,2,52,53,2,53,12,19,18,2,2,0,NA,1,1,1,"AM"
"73",1007,"1007.ICF1","Jujube","17.12.11",17,12,2011,"7",24.63255,89.9235,3,2,33,3,2,43,10,9,2,2,0,NA,1,1,1,"AM"
"74",1007,"1007.ICF1","Jujube","17.12.11",17,12,2011,"7",24.63255,89.9235,3,2,46,3,2,47,1,0,0,0,0,NA,1,0,0,"AM"
"75",1007,"1007.ICF1","Jujube","17.12.11",17,12,2011,"7",24.63255,89.9235,3,50,59,3,51,1,2,1,2,2,2,NA,1,1,1,"AM"
"76",1007,"1007.ICF1","Jujube","17.12.11",17,12,2011,"7",24.63255,89.9235,4,18,6,4,18,8,2,1,2,2,2,NA,1,1,1,"AM"
"77",1007,"1007.ICF1","Jujube","17.12.11",17,12,2011,"7",24.63255,89.9235,4,18,7,4,18,8,1,0,0,0,2,NA,1,0,0,"AM"
"78",1007,"1007.ICF2","Banana","17.12.12",17,12,2012,"8",24.64782,89.92966,5,58,41,5,58,42,1,0,2,2,0,NA,1,1,1,"AM"
"79",1007,"1007.ICF2","Banana","17.12.12",17,12,2012,"8",24.64782,89.92966,7,36,14,7,36,15,1,0,2,2,0,NA,1,1,1,"AM"
"80",1007,"1007.ICF2","Banana","17.12.12",17,12,2012,"8",24.64782,89.92966,8,46,45,8,46,47,2,1,2,2,0,NA,1,1,1,"AM"
"81",1007,"1007.ICF2","Banana","17.12.12",17,12,2012,"8",24.64782,89.92966,11,8,46,11,17,32,526,525,2,2,0,NA,1,1,1,"AM"
"82",1007,"1007.ICF2","Banana","17.12.12",17,12,2012,"8",24.64782,89.92966,12,30,9,12,31,40,91,90,2,2,0,NA,1,1,1,"AM"
"83",1007,"1007.ICF2","Banana","17.12.12",17,12,2012,"8",24.64782,89.92966,2,36,15,2,39,13,178,177,2,2,0,NA,1,1,1,"AM"
"84",1007,"1007.ICF2","Banana","17.12.12",17,12,2012,"8",24.64782,89.92966,3,31,0,3,34,57,237,236,2,2,0,NA,1,1,1,"AM"
"85",1007,"1007.ICF2","Banana","17.12.12",17,12,2012,"8",24.64782,89.92966,4,38,10,4,38,11,1,0,2,2,2,NA,1,1,1,"AM"
"86",1007,"1007.ICF2","Banana","17.12.12",17,12,2012,"8",24.64782,89.92966,5,15,15,5,15,17,2,1,2,2,0,NA,1,1,1,"AM"
"87",1007,"1007.ICF2","Banana","17.12.12",17,12,2012,"8",24.64782,89.92966,5,28,17,5,31,20,183,182,2,2,0,NA,1,1,1,"AM"
"88",1007,"1007.ICF2","Banana","17.12.12",17,12,2012,"8",24.64782,89.92966,5,45,11,6,8,25,1394,1394,2,2,1,NA,1,1,1,"AM"
"89",1008,"1008.ICF7","Star fruit","26.1.2012",26,1,2012,"3",24.19621,89.40307,NA,NA,NA,NA,NA,NA,0,0,0,0,3,NA,0,0,0,"missing"
"90",1008,"1008.ICF8","Jujube","26.1.2012",26,1,2012,"4",24.20054,89.40072,NA,NA,NA,NA,NA,NA,0,0,0,0,3,NA,0,0,0,"missing"
"91",1010,"1010.ICF1","Sapodilla","18.12.2011",18,12,2011,"5",23.65374,89.7483,NA,NA,NA,NA,NA,NA,0,0,0,0,3,NA,0,0,0,"missing"
"92",1010,"1010.ICF2","Star fruit","18.12.2011",18,12,2011,"2",23.65366,89.74808,NA,NA,NA,NA,NA,NA,0,0,0,0,3,NA,0,0,0,"missing"
"93",1012,"1012.ICF1","Papaya","23.12.11",23,12,2011,"8",24.22246,90.2081,NA,NA,NA,NA,NA,NA,0,0,0,0,3,NA,0,0,0,"missing"
"94",1013,"1013.ICF1","Star fruit","2.1.12",2,1,2012,"9",25.83905,89.75755,NA,NA,NA,NA,NA,NA,0,0,0,0,3,NA,0,0,0,"missing"
"95",1013,"1013.ICF2","Banana","2.1.12",2,1,2012,"10",25.84274,89.75778,NA,NA,NA,NA,NA,NA,0,0,0,0,3,NA,0,0,0,"missing"
"96",1017,"1017.ICF1","Sapodilla","15.12.2011",15,12,2011,"7",24.60242,90.07435,NA,NA,NA,NA,NA,NA,0,0,0,0,3,NA,0,0,0,"missing"
"97",1017,"1017.ICF2","Fig","15.12.2011",15,12,2011,"8",24.59997,90.07733,NA,NA,NA,NA,NA,NA,0,0,0,0,3,NA,0,0,0,"missing"
"98",1021,"1021.ICF1","Indian olive","10.12.2011",10,12,2011,"2",24.11544,90.47515,NA,NA,NA,NA,NA,NA,0,0,0,0,3,NA,0,0,0,"missing"
"99",1021,"1021.ICF2","Star fruit","10.12.2012",10,12,2012,"1",24.11716,90.47164,NA,NA,NA,NA,NA,NA,0,0,0,0,3,NA,0,0,0,"missing"
"100",1022,"1022.ICF1","Banana","10.1.12",10,1,2012,"7",24.02397,90.73903,5,45,9,5,48,9,180,179,1,2,0,NA,1,1,1,"PM"
"101",1022,"1022.ICF1","Banana","10.1.12",10,1,2012,"7",24.02397,90.73903,5,50,29,5,50,32,3,2,1,2,0,NA,1,1,1,"PM"
"102",1022,"1022.ICF1","Banana","10.1.12",10,1,2012,"7",24.02397,90.73903,5,50,53,5,50,54,1,0,1,2,0,NA,1,1,1,"PM"
"103",1022,"1022.ICF1","Banana","10.1.12",10,1,2012,"7",24.02397,90.73903,5,53,2,5,53,3,1,0,0,0,0,NA,1,0,0,"PM"
"104",1022,"1022.ICF1","Banana","10.1.12",10,1,2012,"7",24.02397,90.73903,5,55,35,5,55,37,2,1,1,2,0,NA,1,1,1,"PM"
"105",1022,"1022.ICF1","Banana","10.1.12",10,1,2012,"7",24.02397,90.73903,5,56,11,5,56,14,3,2,1,2,0,NA,1,1,1,"PM"
"106",1022,"1022.ICF1","Banana","10.1.12",10,1,2012,"7",24.02397,90.73903,5,56,19,5,56,27,8,7,1,2,0,NA,1,1,1,"PM"
"107",1022,"1022.ICF1","Banana","10.1.12",10,1,2012,"7",24.02397,90.73903,6,3,27,6,3,28,1,0,0,0,0,NA,1,0,0,"PM"
"108",1022,"1022.ICF1","Banana","10.1.12",10,1,2012,"7",24.02397,90.73903,6,4,9,6,4,10,1,0,0,0,0,NA,1,0,0,"PM"
"109",1022,"1022.ICF1","Banana","10.1.12",10,1,2012,"7",24.02397,90.73903,6,6,54,6,6,55,1,0,0,0,0,NA,1,0,0,"PM"
"110",1022,"1022.ICF1","Banana","10.1.12",10,1,2012,"7",24.02397,90.73903,6,7,23,6,7,24,1,0,0,0,0,NA,1,0,0,"PM"
"111",1022,"1022.ICF1","Banana","10.1.12",10,1,2012,"7",24.02397,90.73903,6,7,31,6,7,34,3,2,1,2,0,NA,1,1,1,"PM"
"112",1022,"1022.ICF1","Banana","10.1.12",10,1,2012,"7",24.02397,90.73903,6,7,44,6,8,68,84,83,1,2,0,NA,1,1,1,"PM"
"113",1022,"1022.ICF1","Banana","10.1.12",10,1,2012,"7",24.02397,90.73903,6,9,55,6,14,47,292,291,1,2,0,NA,1,1,1,"PM"
"114",1022,"1022.ICF1","Banana","10.1.12",10,1,2012,"7",24.02397,90.73903,6,16,38,6,18,28,110,109,1,2,0,NA,1,1,1,"PM"
"115",1022,"1022.ICF1","Banana","10.1.12",10,1,2012,"7",24.02397,90.73903,6,23,51,6,23,54,3,2,1,2,0,NA,1,1,1,"PM"
"116",1022,"1022.ICF1","Banana","10.1.12",10,1,2012,"7",24.02397,90.73903,6,31,8,6,31,10,2,1,1,2,0,NA,1,1,1,"PM"
"117",1022,"1022.ICF1","Banana","10.1.12",10,1,2012,"7",24.02397,90.73903,6,34,9,6,34,16,7,6,1,2,0,NA,1,1,1,"PM"
"118",1022,"1022.ICF1","Banana","10.1.12",10,1,2012,"7",24.02397,90.73903,6,34,43,6,35,16,33,32,1,2,0,NA,1,1,1,"PM"
"119",1022,"1022.ICF1","Banana","10.1.12",10,1,2012,"7",24.02397,90.73903,6,38,59,6,39,2,3,2,1,2,0,NA,1,1,1,"PM"
"120",1022,"1022.ICF1","Banana","10.1.12",10,1,2012,"7",24.02397,90.73903,6,43,26,6,43,28,2,1,0,0,0,NA,1,1,0,"PM"
"121",1022,"1022.ICF1","Banana","10.1.12",10,1,2012,"7",24.02397,90.73903,6,43,50,6,43,51,1,0,0,0,0,NA,1,0,0,"PM"
"122",1022,"1022.ICF1","Banana","10.1.12",10,1,2012,"7",24.02397,90.73903,6,45,48,6,47,2,74,73,1,2,1,NA,1,1,1,"PM"
"123",1022,"1022.ICF1","Banana","10.1.12",10,1,2012,"7",24.02397,90.73903,6,55,13,6,55,16,3,2,1,2,0,NA,1,1,1,"PM"
"124",1022,"1022.ICF1","Banana","10.1.12",10,1,2012,"7",24.02397,90.73903,6,57,21,6,58,58,97,96,1,2,0,NA,1,1,1,"PM"
"125",1022,"1022.ICF1","Banana","10.1.12",10,1,2012,"7",24.02397,90.73903,7,0,53,7,1,34,41,40,1,2,2,NA,1,1,1,"PM"
"126",1022,"1022.ICF1","Banana","10.1.12",10,1,2012,"7",24.02397,90.73903,7,16,40,7,16,41,1,0,1,2,2,NA,1,1,1,"PM"
"127",1022,"1022.ICF1","Banana","10.1.12",10,1,2012,"7",24.02397,90.73903,7,26,30,7,33,25,415,414,1,2,0,NA,1,1,1,"PM"
"128",1022,"1022.ICF1","Banana","10.1.12",10,1,2012,"7",24.02397,90.73903,7,35,19,7,35,20,1,0,0,0,0,NA,1,0,0,"PM"
"129",1022,"1022.ICF1","Banana","10.1.12",10,1,2012,"7",24.02397,90.73903,7,35,30,7,35,31,1,0,0,0,0,NA,1,0,0,"PM"
"130",1022,"1022.ICF1","Banana","10.1.12",10,1,2012,"7",24.02397,90.73903,7,35,50,7,35,51,1,0,0,0,0,NA,1,0,0,"PM"
"131",1022,"1022.ICF1","Banana","10.1.12",10,1,2012,"7",24.02397,90.73903,7,36,46,7,40,13,207,206,1,2,0,NA,1,1,1,"PM"
"132",1022,"1022.ICF1","Banana","10.1.12",10,1,2012,"7",24.02397,90.73903,7,46,30,7,46,33,3,2,1,2,0,NA,1,1,1,"PM"
"133",1022,"1022.ICF1","Banana","10.1.12",10,1,2012,"7",24.02397,90.73903,7,47,38,7,47,39,1,0,0,0,0,NA,1,0,0,"PM"
"134",1022,"1022.ICF1","Banana","10.1.12",10,1,2012,"7",24.02397,90.73903,7,49,1,7,50,19,78,77,1,2,0,NA,1,1,1,"PM"
"135",1022,"1022.ICF1","Banana","10.1.12",10,1,2012,"7",24.02397,90.73903,7,50,14,7,50,16,2,1,1,2,0,NA,1,1,1,"PM"
"136",1022,"1022.ICF1","Banana","10.1.12",10,1,2012,"7",24.02397,90.73903,7,51,26,7,51,29,3,2,1,2,0,NA,1,1,1,"PM"
"137",1022,"1022.ICF1","Banana","10.1.12",10,1,2012,"7",24.02397,90.73903,7,52,42,7,52,49,7,6,1,2,0,NA,1,1,1,"PM"
"138",1022,"1022.ICF1","Banana","10.1.12",10,1,2012,"7",24.02397,90.73903,7,52,57,7,53,25,28,27,1,2,0,NA,1,1,1,"PM"
"139",1022,"1022.ICF1","Banana","10.1.12",10,1,2012,"7",24.02397,90.73903,7,53,31,7,57,0,209,208,1,2,0,NA,1,1,1,"PM"
"140",1022,"1022.ICF1","Banana","10.1.12",10,1,2012,"7",24.02397,90.73903,8,3,26,8,3,27,1,0,0,0,0,NA,1,0,0,"PM"
"141",1022,"1022.ICF1","Banana","10.1.12",10,1,2012,"7",24.02397,90.73903,8,11,43,8,11,44,1,0,0,0,0,NA,1,0,0,"PM"
"142",1022,"1022.ICF1","Banana","10.1.12",10,1,2012,"7",24.02397,90.73903,8,16,33,8,18,46,133,132,1,2,0,NA,1,1,1,"PM"
"143",1022,"1022.ICF1","Banana","10.1.12",10,1,2012,"7",24.02397,90.73903,8,25,34,8,25,35,1,0,0,0,0,NA,1,0,0,"PM"
"144",1022,"1022.ICF1","Banana","10.1.12",10,1,2012,"7",24.02397,90.73903,8,26,7,8,26,8,1,0,0,0,0,NA,1,0,0,"PM"
"145",1022,"1022.ICF1","Banana","10.1.12",10,1,2012,"7",24.02397,90.73903,8,26,18,8,26,20,2,1,1,2,0,NA,1,1,1,"PM"
"146",1022,"1022.ICF1","Banana","10.1.12",10,1,2012,"7",24.02397,90.73903,8,26,30,8,26,31,1,0,0,0,0,NA,1,0,0,"PM"
"147",1022,"1022.ICF1","Banana","10.1.12",10,1,2012,"7",24.02397,90.73903,8,26,35,8,26,38,3,2,1,2,0,NA,1,1,1,"PM"
"148",1022,"1022.ICF1","Banana","10.1.12",10,1,2012,"7",24.02397,90.73903,8,32,16,8,32,18,2,1,1,2,0,NA,1,1,1,"PM"
"149",1022,"1022.ICF1","Banana","10.1.12",10,1,2012,"7",24.02397,90.73903,8,42,1,8,42,4,3,2,1,2,0,NA,1,1,1,"PM"
"150",1022,"1022.ICF1","Banana","10.1.12",10,1,2012,"7",24.02397,90.73903,8,46,50,8,46,53,3,2,1,2,0,NA,1,1,1,"PM"
"151",1022,"1022.ICF1","Banana","10.1.12",10,1,2012,"7",24.02397,90.73903,8,57,9,9,2,21,312,311,1,2,0,NA,1,1,1,"PM"
"152",1022,"1022.ICF1","Banana","10.1.12",10,1,2012,"7",24.02397,90.73903,9,3,15,9,8,13,298,297,1,2,0,NA,1,1,1,"PM"
"153",1022,"1022.ICF1","Banana","10.1.12",10,1,2012,"7",24.02397,90.73903,9,10,49,9,10,51,2,1,1,2,0,NA,1,1,1,"PM"
"154",1022,"1022.ICF1","Banana","10.1.12",10,1,2012,"7",24.02397,90.73903,9,20,59,9,21,35,36,35,1,2,0,NA,1,1,1,"PM"
"155",1022,"1022.ICF1","Banana","10.1.12",10,1,2012,"7",24.02397,90.73903,9,29,2,9,30,55,113,112,1,2,0,NA,1,1,1,"PM"
"156",1022,"1022.ICF1","Banana","10.1.12",10,1,2012,"7",24.02397,90.73903,9,37,46,9,37,49,3,2,1,2,0,NA,1,1,1,"PM"
"157",1022,"1022.ICF1","Banana","10.1.12",10,1,2012,"7",24.02397,90.73903,9,41,1,9,41,4,3,2,1,2,0,NA,1,1,1,"PM"
"158",1022,"1022.ICF1","Banana","10.1.12",10,1,2012,"7",24.02397,90.73903,9,49,51,9,56,9,378,377,1,2,0,NA,1,1,1,"PM"
"159",1022,"1022.ICF1","Banana","10.1.12",10,1,2012,"7",24.02397,90.73903,9,58,25,9,59,7,42,41,1,2,0,NA,1,1,1,"PM"
"160",1022,"1022.ICF1","Banana","10.1.12",10,1,2012,"7",24.02397,90.73903,10,15,12,10,16,39,87,86,1,2,0,NA,1,1,1,"PM"
"161",1022,"1022.ICF1","Banana","10.1.12",10,1,2012,"7",24.02397,90.73903,10,19,12,10,19,32,20,19,1,2,0,NA,1,1,1,"PM"
"162",1022,"1022.ICF1","Banana","10.1.12",10,1,2012,"7",24.02397,90.73903,10,27,30,10,27,31,1,0,0,0,0,NA,1,0,0,"PM"
"163",1022,"1022.ICF1","Banana","10.1.12",10,1,2012,"7",24.02397,90.73903,10,28,45,10,31,7,142,141,1,2,0,NA,1,1,1,"PM"
"164",1022,"1022.ICF1","Banana","10.1.12",10,1,2012,"7",24.02397,90.73903,10,31,12,10,34,14,182,181,1,2,0,NA,1,1,1,"PM"
"165",1022,"1022.ICF1","Banana","10.1.12",10,1,2012,"7",24.02397,90.73903,10,45,2,10,45,5,3,2,1,2,0,NA,1,1,1,"PM"
"166",1022,"1022.ICF1","Banana","10.1.12",10,1,2012,"7",24.02397,90.73903,11,4,52,11,8,2,190,189,1,2,0,NA,1,1,1,"PM"
"167",1022,"1022.ICF1","Banana","10.1.12",10,1,2012,"7",24.02397,90.73903,11,10,15,11,11,21,66,65,1,2,1,NA,1,1,1,"PM"
"168",1022,"1022.ICF1","Banana","10.1.12",10,1,2012,"7",24.02397,90.73903,11,20,14,11,26,30,376,375,1,2,1,NA,1,1,1,"PM"
"169",1022,"1022.ICF1","Banana","10.1.12",10,1,2012,"7",24.02397,90.73903,11,31,44,11,34,49,185,184,1,2,0,NA,1,1,1,"PM"
"170",1022,"1022.ICF1","Banana","10.1.12",10,1,2012,"7",24.02397,90.73903,11,37,19,11,37,22,3,2,1,2,0,NA,1,1,1,"PM"
"171",1022,"1022.ICF1","Banana","10.1.12",10,1,2012,"7",24.02397,90.73903,11,47,42,11,58,5,623,622,1,2,1,NA,1,1,1,"PM"
"172",1022,"1022.ICF1","Banana","10.1.12",10,1,2012,"7",24.02397,90.73903,12,5,44,12,7,2,78,77,1,2,0,NA,1,1,1,"AM"
"173",1022,"1022.ICF1","Banana","10.1.12",10,1,2012,"7",24.02397,90.73903,12,13,0,12,16,27,207,206,1,2,1,NA,1,1,1,"AM"
"174",1022,"1022.ICF1","Banana","10.1.12",10,1,2012,"7",24.02397,90.73903,12,42,43,12,46,41,238,237,1,2,1,NA,1,1,1,"AM"
"175",1022,"1022.ICF1","Banana","10.1.12",10,1,2012,"7",24.02397,90.73903,12,58,10,12,58,23,13,12,1,2,1,NA,1,1,1,"AM"
"176",1022,"1022.ICF1","Banana","10.1.12",10,1,2012,"7",24.02397,90.73903,12,58,51,1,0,20,89,88,1,2,0,NA,1,1,1,"AM"
"177",1022,"1022.ICF1","Banana","10.1.12",10,1,2012,"7",24.02397,90.73903,1,1,8,1,1,23,15,14,1,2,0,NA,1,1,1,"AM"
"178",1022,"1022.ICF1","Banana","10.1.12",10,1,2012,"7",24.02397,90.73903,1,1,34,1,1,36,2,1,1,2,0,NA,1,1,1,"AM"
"179",1022,"1022.ICF1","Banana","10.1.12",10,1,2012,"7",24.02397,90.73903,1,23,8,1,26,25,197,196,1,2,0,NA,1,1,1,"AM"
"180",1022,"1022.ICF1","Banana","10.1.12",10,1,2012,"7",24.02397,90.73903,1,23,8,1,23,21,13,12,1,2,0,NA,1,1,1,"AM"
"181",1022,"1022.ICF1","Banana","10.1.12",10,1,2012,"7",24.02397,90.73903,1,29,21,1,37,9,468,467,1,2,1,NA,1,1,1,"AM"
"182",1022,"1022.ICF1","Banana","10.1.12",10,1,2012,"7",24.02397,90.73903,1,29,52,1,29,58,6,5,1,2,0,NA,1,1,1,"AM"
"183",1022,"1022.ICF1","Banana","10.1.12",10,1,2012,"7",24.02397,90.73903,1,32,26,1,32,27,1,0,0,0,0,NA,1,0,0,"AM"
"184",1022,"1022.ICF1","Banana","10.1.12",10,1,2012,"7",24.02397,90.73903,1,41,32,1,43,37,125,124,1,2,0,NA,1,1,1,"AM"
"185",1022,"1022.ICF1","Banana","10.1.12",10,1,2012,"7",24.02397,90.73903,1,53,36,1,54,18,42,41,1,2,0,NA,1,1,1,"AM"
"186",1022,"1022.ICF1","Banana","10.1.12",10,1,2012,"7",24.02397,90.73903,1,54,36,1,55,16,40,39,1,2,0,NA,1,1,1,"AM"
"187",1022,"1022.ICF1","Banana","10.1.12",10,1,2012,"7",24.02397,90.73903,2,0,32,2,0,33,1,0,0,0,0,NA,1,0,0,"AM"
"188",1022,"1022.ICF1","Banana","10.1.12",10,1,2012,"7",24.02397,90.73903,2,1,56,2,1,57,1,0,0,0,0,NA,1,0,0,"AM"
"189",1022,"1022.ICF1","Banana","10.1.12",10,1,2012,"7",24.02397,90.73903,2,1,56,2,5,37,221,220,1,2,1,NA,1,1,1,"AM"
"190",1022,"1022.ICF1","Banana","10.1.12",10,1,2012,"7",24.02397,90.73903,2,13,8,2,13,9,1,0,0,0,0,NA,1,0,0,"AM"
"191",1022,"1022.ICF1","Banana","10.1.12",10,1,2012,"7",24.02397,90.73903,2,15,36,2,15,39,3,2,1,2,0,NA,1,1,1,"AM"
"192",1022,"1022.ICF1","Banana","10.1.12",10,1,2012,"7",24.02397,90.73903,2,20,47,2,24,36,229,228,1,2,0,NA,1,1,1,"AM"
"193",1022,"1022.ICF1","Banana","10.1.12",10,1,2012,"7",24.02397,90.73903,2,30,59,2,37,18,379,378,1,2,0,NA,1,1,1,"AM"
"194",1022,"1022.ICF1","Banana","10.1.12",10,1,2012,"7",24.02397,90.73903,2,40,53,2,40,54,1,0,0,0,0,NA,1,0,0,"AM"
"195",1022,"1022.ICF1","Banana","10.1.12",10,1,2012,"7",24.02397,90.73903,2,57,44,2,57,45,1,0,0,0,0,NA,1,0,0,"AM"
"196",1022,"1022.ICF1","Banana","10.1.12",10,1,2012,"7",24.02397,90.73903,2,58,46,2,59,55,69,68,1,2,0,NA,1,1,1,"AM"
"197",1022,"1022.ICF1","Banana","10.1.12",10,1,2012,"7",24.02397,90.73903,3,4,1,3,4,4,3,2,1,2,0,NA,1,1,1,"AM"
"198",1022,"1022.ICF1","Banana","10.1.12",10,1,2012,"7",24.02397,90.73903,3,13,0,3,13,3,3,2,1,2,0,NA,1,1,1,"AM"
"199",1022,"1022.ICF1","Banana","10.1.12",10,1,2012,"7",24.02397,90.73903,3,19,11,3,27,35,504,503,1,2,1,NA,1,1,1,"AM"
"200",1022,"1022.ICF1","Banana","10.1.12",10,1,2012,"7",24.02397,90.73903,3,39,0,3,39,1,1,0,0,0,0,NA,1,0,0,"AM"
"201",1022,"1022.ICF1","Banana","10.1.12",10,1,2012,"7",24.02397,90.73903,3,50,52,3,50,54,2,1,1,2,0,NA,1,1,1,"AM"
"202",1022,"1022.ICF1","Banana","10.1.12",10,1,2012,"7",24.02397,90.73903,4,5,44,4,36,20,1836,1835,1,2,1,NA,1,1,1,"AM"
"203",1022,"1022.ICF1","Banana","10.1.12",10,1,2012,"7",24.02397,90.73903,5,0,0,5,6,37,397,396,1,2,1,NA,1,1,1,"AM"
"204",1022,"1022.ICF1","Banana","10.1.12",10,1,2012,"7",24.02397,90.73903,5,13,40,5,13,41,1,0,0,0,0,NA,1,0,0,"AM"
"205",1022,"1022.ICF1","Banana","10.1.12",10,1,2012,"7",24.02397,90.73903,5,14,1,5,14,4,3,2,1,2,0,NA,1,1,1,"AM"
"206",1022,"1022.ICF1","Banana","10.1.12",10,1,2012,"7",24.02397,90.73903,5,15,19,5,15,56,37,36,1,2,0,NA,1,1,1,"AM"
"207",1022,"1022.ICF1","Banana","10.1.12",10,1,2012,"7",24.02397,90.73903,5,19,58,5,20,0,2,1,1,2,0,NA,1,1,1,"AM"
"208",1022,"1022.ICF1","Banana","10.1.12",10,1,2012,"7",24.02397,90.73903,5,31,20,5,31,23,3,2,1,2,0,NA,1,1,1,"AM"
"209",1022,"1022.ICF1","Banana","10.1.12",10,1,2012,"7",24.02397,90.73903,5,34,19,5,37,8,169,168,1,2,0,NA,1,1,1,"AM"
"210",1022,"1022.ICF1","Banana","10.1.12",10,1,2012,"7",24.02397,90.73903,5,38,51,5,38,52,1,0,0,0,0,NA,1,0,0,"AM"
"211",1022,"1022.ICF1","Banana","10.1.12",10,1,2012,"7",24.02397,90.73903,5,39,33,5,39,56,23,22,1,2,0,NA,1,1,1,"AM"
"212",1022,"1022.ICF1","Banana","10.1.12",10,1,2012,"7",24.02397,90.73903,5,45,1,5,46,29,88,87,1,2,0,NA,1,1,1,"AM"
"213",1022,"1022.ICF1","Banana","10.1.12",10,1,2012,"7",24.02397,90.73903,5,51,4,5,51,5,1,0,0,0,0,NA,1,0,0,"AM"
"214",1022,"1022.ICF1","Banana","10.1.12",10,1,2012,"7",24.02397,90.73903,5,53,36,5,57,47,251,250,1,2,0,NA,1,1,1,"AM"
"215",1022,"1022.ICF2","Guava","10.1.12",10,1,2012,"8",24.02788,90.73827,NA,NA,NA,NA,NA,NA,0,0,0,0,0,NA,0,0,0,"missing"
"216",1024,"1023.ICF1","Star fruit","18.1.12",18,1,2012,"10",25.54267,88.95481,NA,NA,NA,NA,NA,NA,0,0,0,0,3,NA,0,0,0,"missing"
"217",1024,"1023.ICF2","Jujube","18.1.12",18,1,2012,"9",25.54111,88.95614,NA,NA,NA,NA,NA,NA,0,0,0,0,3,NA,0,0,0,"missing"
"218",1024,"1024ICF1","Jujube","03.02.2012",3,2,2012,"missing",25.31304,89.29521,NA,NA,NA,NA,NA,NA,0,0,0,0,3,NA,0,0,0,"missing"
"219",1025,"1025.ICF1","Jujube","6.1.2012",6,1,2012,"10",24.49165,90.34942,NA,NA,NA,NA,NA,NA,0,0,0,0,3,NA,0,0,0,"missing"
"220",1026,"1026.ICF1","Guava","3.1.12",3,1,2012,"7",23.56951,91.12216,12,4,14,12,4,19,5,4,2,2,2,NA,1,1,1,"AM"
"221",1026,"1026.ICF1","Guava","3.1.12",3,1,2012,"7",23.56951,91.12216,12,24,39,12,14,40,1,0,0,0,2,NA,1,0,0,"AM"
"222",1026,"1026.ICF2","Guava","3.1.12",3,1,2012,"8",23.56884,91.12501,9,28,29,9,28,39,10,9,2,0,1,NA,1,1,0,"PM"
"223",1026,"1026.ICF2","Guava","3.1.12",3,1,2012,"8",23.56884,91.12501,11,17,10,11,17,12,2,2,2,0,2,NA,1,1,0,"PM"
"224",1026,"1026.ICF2","Guava","3.1.12",3,1,2012,"8",23.56884,91.12501,11,17,54,11,18,12,18,17,2,2,2,NA,1,1,1,"PM"
"225",1028,"1028.ICF1","Jujube","1.2.2012",1,2,2012,"2",23.71043,89.57789,NA,NA,NA,NA,NA,NA,0,0,0,0,3,NA,0,0,0,"missing"
"226",1028,"1028.ICF2","Jujube","1.2.2012",1,2,2012,"5",23.71049,89.58056,NA,NA,NA,NA,NA,NA,0,0,0,0,3,NA,0,0,0,"missing"
"227",1029,"1029.ICF1","Guava","9.12.2011",9,12,2011,"11",23.85248,90.20518,NA,NA,NA,NA,NA,NA,0,0,0,0,3,NA,1,0,0,"PM"
"228",1029,"1029.ICF2","Banana","9.12.2011",9,12,2011,"12",23.85204,90.21482,6,43,45,6,43,47,2,1,1,3,0,NA,1,1,1,"PM"
"229",1029,"1029.ICF2","Banana","9.12.2011",9,12,2011,"12",23.85204,90.21482,7,46,50,7,46,51,1,0,0,0,0,NA,1,0,0,"PM"
"230",1029,"1029.ICF2","Banana","9.12.2011",9,12,2011,"12",23.85204,90.21482,7,47,37,7,50,55,198,197,1,3,0,NA,1,1,1,"PM"
"231",1029,"1029.ICF2","Banana","9.12.2011",9,12,2011,"12",23.85204,90.21482,12,12,37,12,12,57,20,19,1,3,0,NA,1,1,1,"AM"
"232",1029,"1029.ICF2","Banana","9.12.2011",9,12,2011,"12",23.85204,90.21482,12,44,17,12,45,57,100,99,1,3,0,NA,1,1,1,"AM"
"233",1032,"1032.ICF7","Sapodilla","13.1.12",13,1,2012,"3",23.47777,89.10174,NA,NA,NA,NA,NA,NA,0,0,0,0,3,NA,0,0,0,"missing"
"234",1032,"1032.ICF9","Sapodilla","13.1.12",13,1,2012,"4",23.47907,89.1031,NA,NA,NA,NA,NA,NA,0,0,0,0,3,NA,0,0,0,"missing"
"235",1033,"1033.ICF1","Jujube","12.2.12",12,2,2012,"9",24.99725,89.0132,NA,NA,NA,NA,NA,NA,0,0,0,0,3,NA,0,0,0,"missing"
"236",1036,"1036.ICF1","Jujube","18.1.2012",18,1,2012,"2",23.278,90.06953,NA,NA,NA,NA,NA,NA,0,0,0,0,3,NA,0,0,0,"missing"
"237",1036,"1036.ICF2","Jujube","18.1.2012",18,1,2012,"5",23.28466,90.0692,NA,NA,NA,NA,NA,NA,0,0,0,0,3,NA,0,0,0,"missing"
"238",1039,"1039.ICF1","Star fruit","25.12.2011",25,12,2011,"10",25.9128,89.34747,NA,NA,NA,NA,NA,NA,0,0,0,0,3,NA,0,0,0,"missing"
"239",1041,"1041.ICF1","Guava","6.1.12",6,1,2012,"7",23.55857,91.17068,NA,NA,NA,NA,NA,NA,0,0,0,0,3,NA,0,0,0,"missing"
"240",1041,"1041.ICF2","Guava","6.1.12",6,1,2012,"8",23.55641,91.17072,6,48,43,6,48,44,1,0,0,0,0,NA,1,0,0,"PM"
"241",1041,"1041.ICF2","Guava","6.1.12",6,1,2012,"8",23.55641,91.17072,8,21,5,8,21,6,1,0,0,0,0,NA,1,0,0,"PM"
"242",1041,"1041.ICF2","Guava","6.1.12",6,1,2012,"8",23.55641,91.17072,10,38,19,10,38,21,2,1,1,2,0,NA,1,1,0,"PM"
"243",1041,"1041.ICF2","Guava","6.1.12",6,1,2012,"8",23.55641,91.17072,10,40,37,10,41,8,31,30,1,2,0,NA,1,1,0,"PM"
"244",1041,"1041.ICF2","Guava","6.1.12",6,1,2012,"8",23.55641,91.17072,10,49,18,10,49,23,5,4,1,2,0,NA,1,1,0,"PM"
"245",1041,"1041.ICF2","Guava","6.1.12",6,1,2012,"8",23.55641,91.17072,11,19,25,10,19,27,2,1,1,2,0,NA,1,1,0,"PM"
"246",1041,"1041.ICF2","Guava","6.1.12",6,1,2012,"8",23.55641,91.17072,11,45,9,11,45,11,2,1,1,2,0,NA,1,1,0,"PM"
"247",1041,"1041.ICF2","Guava","6.1.12",6,1,2012,"8",23.55641,91.17072,11,58,42,11,58,44,2,1,1,2,0,NA,1,1,0,"PM"
"248",1041,"1041.ICF2","Guava","6.1.12",6,1,2012,"8",23.55641,91.17072,12,19,24,12,19,26,2,1,1,2,0,NA,1,1,0,"AM"
"249",1041,"1041.ICF2","Guava","6.1.12",6,1,2012,"8",23.55641,91.17072,12,42,0,12,43,29,89,88,1,2,0,NA,1,1,0,"AM"
"250",1041,"1041.ICF2","Guava","6.1.12",6,1,2012,"8",23.55641,91.17072,12,48,31,12,48,33,2,1,1,2,0,NA,1,1,0,"AM"
"251",1041,"1041.ICF2","Guava","6.1.12",6,1,2012,"8",23.55641,91.17072,1,11,40,1,11,41,1,0,0,0,0,NA,1,0,0,"AM"
"252",1041,"1041.ICF2","Guava","6.1.12",6,1,2012,"8",23.55641,91.17072,1,33,16,1,33,45,29,28,1,2,0,NA,1,1,0,"AM"
"253",1041,"1041.ICF2","Guava","6.1.12",6,1,2012,"8",23.55641,91.17072,1,41,0,1,41,2,2,1,1,2,0,NA,1,1,0,"AM"
"254",1041,"1041.ICF2","Guava","6.1.12",6,1,2012,"8",23.55641,91.17072,2,24,38,2,24,40,2,1,1,2,0,NA,1,1,0,"AM"
"255",1041,"1041.ICF2","Guava","6.1.12",6,1,2012,"8",23.55641,91.17072,2,27,13,2,27,15,2,1,1,2,0,NA,1,1,0,"AM"
"256",1041,"1041.ICF2","Guava","6.1.12",6,1,2012,"8",23.55641,91.17072,3,53,39,3,53,41,2,1,1,2,0,NA,1,1,0,"AM"
"257",1041,"1041.ICF2","Guava","6.1.12",6,1,2012,"8",23.55641,91.17072,3,53,49,3,53,51,2,1,1,2,0,NA,1,1,0,"AM"
"258",1044,"1044.ICF2","Jujube","21.1.12",21,1,2012,"2",22.91882,89.89261,NA,NA,NA,NA,NA,NA,0,0,0,0,3,NA,0,0,0,"missing"
"259",1044,"1044.ICF1","Sapodilla","21.1.12",21,1,2012,"5",22.91847,89.89213,NA,NA,NA,NA,NA,NA,0,0,0,0,3,NA,0,0,0,"missing"
"260",2002,"2002.ICF09","Jujube","8.1.2012",8,1,2012,"12",22.80707,91.7678,NA,NA,NA,NA,NA,NA,0,0,0,0,3,NA,0,0,0,"missing"
"261",2002,"2002.ICF10","Cotton tree","8.1.2012",8,1,2012,"11",22.80699,91.76792,NA,NA,NA,NA,NA,NA,0,0,0,0,3,NA,0,0,0,"missing"
"262",2005,"2005.ICF03","Jujube","26.12.2011",26,12,2011,"11",22.16899,92.23865,NA,NA,NA,NA,NA,NA,0,0,0,0,3,NA,0,0,0,"missing"
"263",2005,"2005.ICF04","Star fruit","27.12.2011",27,12,2011,"12",22.17685,92.23786,NA,NA,NA,NA,NA,NA,0,0,0,0,3,NA,0,0,0,"missing"
"264",2006,"2006.ICF1","Betel nut","9.12.11",9,12,2011,"9",24.21261,90.61194,NA,NA,NA,NA,NA,NA,0,0,0,0,3,NA,0,0,0,"missing"
"265",2007,"2007.ICF3","Sapodilla","20.12.2011",20,12,2011,"3",22.55208,89.03689,6,22,51,6,22,52,1,0,0,0,2,NA,1,0,0,"PM"
"266",2007,"2007.ICF3","Sapodilla","20.12.2011",20,12,2011,"3",22.55208,89.03689,6,27,43,6,27,45,2,1,0,0,2,NA,1,1,0,"PM"
"267",2007,"2007.ICF3","Sapodilla","20.12.2011",20,12,2011,"3",22.55208,89.03689,6,55,10,6,55,11,1,0,0,0,2,NA,1,0,0,"PM"
"268",2007,"2007.ICF3","Sapodilla","20.12.2011",20,12,2011,"3",22.55208,89.03689,6,55,24,6,55,25,1,0,0,0,2,NA,1,0,0,"PM"
"269",2007,"2007.ICF3","Sapodilla","20.12.2011",20,12,2011,"3",22.55208,89.03689,8,1,23,8,1,24,1,0,0,0,2,NA,1,0,0,"PM"
"270",2007,"2007.ICF3","Sapodilla","20.12.2011",20,12,2011,"3",22.55208,89.03689,8,28,7,8,28,8,1,0,0,0,2,NA,1,0,0,"PM"
"271",2007,"2007.ICF3","Sapodilla","20.12.2011",20,12,2011,"3",22.55208,89.03689,8,33,19,8,33,20,1,0,0,0,2,NA,1,0,0,"PM"
"272",2007,"2007.ICF3","Sapodilla","20.12.2011",20,12,2011,"3",22.55208,89.03689,12,50,48,12,50,49,1,0,0,0,2,NA,1,0,0,"AM"
"273",2007,"2007.ICF3","Sapodilla","20.12.2011",20,12,2011,"3",22.55208,89.03689,3,44,51,3,44,52,1,0,2,1,2,NA,1,1,1,"AM"
"274",2008,"2008.ICF08","Star fruit","04.02.2012",4,2,2012,"12",23.17577,92.19752,NA,NA,NA,NA,NA,NA,0,0,0,0,3,NA,0,0,0,"missing"
"275",2008,"2008.ICF09","Jujube","04.02.2012",4,2,2012,"11",23.17352,92.19811,NA,NA,NA,NA,NA,NA,0,0,0,0,3,NA,0,0,0,"missing"
"276",2011,"2011.ICF1","Guava","1.1.12",1,1,2012,"3",22.81996,89.26199,9,6,3,9,6,4,1,0,0,0,1,NA,1,0,0,"PM"
"277",2011,"2011.ICF1","Guava","1.1.12",1,1,2012,"3",22.81996,89.26199,9,8,54,9,8,55,1,0,0,0,2,NA,1,0,0,"PM"
"278",2011,"2011.ICF2","Sapodilla","1.1.12",1,1,2012,"4",22.81829,89.26167,7,7,10,7,7,11,1,0,0,0,2,NA,1,0,0,"PM"
"279",2011,"2011.ICF2","Sapodilla","1.1.12",1,1,2012,"4",22.81829,89.26167,8,19,54,8,19,55,1,0,0,0,2,NA,1,0,0,"PM"
"280",2011,"2011.ICF2","Sapodilla","1.1.12",1,1,2012,"4",22.81829,89.26167,8,28,50,8,28,52,2,1,2,1,1,NA,1,1,1,"PM"
"281",2011,"2011.ICF2","Sapodilla","1.1.12",1,1,2012,"4",22.81829,89.26167,11,42,38,11,42,39,1,0,0,0,2,NA,1,0,0,"PM"
"282",2011,"2011.ICF2","Sapodilla","1.1.12",1,1,2012,"4",22.81829,89.26167,11,45,3,11,45,5,2,1,2,1,1,NA,1,1,1,"PM"
"283",2011,"2011.ICF2","Sapodilla","1.1.12",1,1,2012,"4",22.81829,89.26167,11,46,52,11,46,53,1,0,0,0,2,NA,1,0,0,"PM"
"284",2011,"2011.ICF2","Sapodilla","1.1.12",1,1,2012,"4",22.81829,89.26167,2,41,25,2,42,41,76,75,2,2,1,NA,1,1,1,"AM"
"285",2012,"2012.ICF05","Banana","21.01.2012",21,1,2012,"12",22.96505,92.06385,6,41,49,6,41,50,1,0,0,0,2,NA,1,0,0,"PM"
"286",2012,"2012.ICF05","Banana","21.01.2012",21,1,2012,"12",22.96505,92.06385,6,42,28,6,43,3,35,34,1,2,0,NA,1,1,1,"PM"
"287",2012,"2012.ICF05","Banana","21.01.2012",21,1,2012,"12",22.96505,92.06385,6,56,48,6,56,49,1,0,0,0,0,NA,1,0,0,"PM"
"288",2012,"2012.ICF05","Banana","21.01.2012",21,1,2012,"12",22.96505,92.06385,7,2,5,7,2,7,2,1,1,2,0,NA,1,1,1,"PM"
"289",2012,"2012.ICF05","Banana","21.01.2012",21,1,2012,"12",22.96505,92.06385,7,25,7,7,25,8,1,0,1,2,0,NA,1,0,0,"PM"
"290",2012,"2012.ICF05","Banana","21.01.2012",21,1,2012,"12",22.96505,92.06385,7,50,42,7,50,52,10,9,1,2,0,NA,1,1,1,"PM"
"291",2012,"2012.ICF05","Banana","21.01.2012",21,1,2012,"12",22.96505,92.06385,7,51,38,7,52,32,54,53,1,2,0,NA,1,1,1,"PM"
"292",2012,"2012.ICF05","Banana","21.01.2012",21,1,2012,"12",22.96505,92.06385,10,44,55,10,44,57,2,1,1,2,0,NA,1,1,1,"PM"
"293",2012,"2012.ICF05","Banana","21.01.2012",21,1,2012,"12",22.96505,92.06385,11,46,46,11,47,6,20,19,1,2,0,NA,1,1,1,"PM"
"294",2012,"2012.ICF05","Banana","21.01.2012",21,1,2012,"12",22.96505,92.06385,12,47,49,12,47,50,1,0,0,0,0,NA,1,0,0,"AM"
"295",2012,"2012.ICF05","Banana","21.01.2012",21,1,2012,"12",22.96505,92.06385,12,48,13,12,48,20,7,6,1,2,0,NA,1,1,1,"AM"
"296",2012,"2012.ICF05","Banana","21.01.2012",21,1,2012,"12",22.96505,92.06385,12,48,52,12,48,55,3,2,1,2,0,NA,1,1,1,"AM"
"297",2012,"2012.ICF05","Banana","21.01.2012",21,1,2012,"12",22.96505,92.06385,12,48,58,12,49,7,9,8,1,2,0,NA,1,1,1,"AM"
"298",2012,"2012.ICF05","Banana","21.01.2012",21,1,2012,"12",22.96505,92.06385,12,55,32,12,56,12,40,39,1,2,0,NA,1,1,1,"AM"
"299",2012,"2012.ICF05","Banana","21.01.2012",21,1,2012,"12",22.96505,92.06385,1,32,36,1,32,50,14,13,1,2,0,NA,1,1,1,"AM"
"300",2012,"2012.ICF05","Banana","21.01.2012",21,1,2012,"12",22.96505,92.06385,2,28,26,2,28,43,17,16,1,2,0,NA,1,1,1,"AM"
"301",2012,"2012.ICF05","Banana","21.01.2012",21,1,2012,"12",22.96505,92.06385,2,29,48,2,29,51,3,2,1,2,0,NA,1,1,1,"AM"
"302",2012,"2012.ICF05","Banana","21.01.2012",21,1,2012,"12",22.96505,92.06385,2,33,45,2,35,5,80,79,1,2,0,NA,1,1,1,"AM"
"303",2012,"2012.ICF05","Banana","21.01.2012",21,1,2012,"12",22.96505,92.06385,3,20,29,3,21,7,38,37,1,2,0,NA,1,1,1,"AM"
"304",2012,"2012.ICF05","Banana","21.01.2012",21,1,2012,"12",22.96505,92.06385,3,22,31,3,22,32,1,0,0,0,2,NA,1,0,0,"AM"
"305",2012,"2012.ICF05","Banana","21.01.2012",21,1,2012,"12",22.96505,92.06385,3,34,6,3,34,8,2,1,1,2,0,NA,1,1,1,"AM"
"306",2012,"2012.ICF05","Banana","21.01.2012",21,1,2012,"12",22.96505,92.06385,3,45,11,3,45,13,2,1,1,2,0,NA,1,1,1,"AM"
"307",2012,"2012.ICF05","Banana","21.01.2012",21,1,2012,"12",22.96505,92.06385,3,48,32,3,48,33,1,0,0,0,2,NA,1,0,0,"AM"
"308",2012,"2012.ICF05","Banana","21.01.2012",21,1,2012,"12",22.96505,92.06385,3,48,36,3,49,0,24,23,1,2,0,NA,1,1,1,"AM"
"309",2012,"2012.ICF05","Banana","21.01.2012",21,1,2012,"12",22.96505,92.06385,4,1,35,4,1,37,2,1,1,2,0,NA,1,1,1,"AM"
"310",2012,"2012.ICF05","Banana","21.01.2012",21,1,2012,"12",22.96505,92.06385,4,8,1,4,8,17,16,15,1,2,0,NA,1,1,1,"AM"
"311",2012,"2012.ICF05","Banana","21.01.2012",21,1,2012,"12",22.96505,92.06385,4,31,8,4,31,10,2,1,1,2,0,NA,1,1,1,"AM"
"312",2012,"2012.ICF05","Banana","21.01.2012",21,1,2012,"12",22.96505,92.06385,4,40,25,4,40,51,26,25,1,2,0,NA,1,1,1,"AM"
"313",2012,"2012.ICF06","Jujube","21.01.2012",21,1,2012,"11",22.9661,92.06619,NA,NA,NA,NA,NA,NA,0,0,0,0,3,NA,0,0,0,"missing"
"314",2013,"2013.ICF3","Guava","03.01.2012",3,1,2012,"11",21.79864,92.18576,NA,NA,NA,NA,NA,NA,0,0,0,0,3,NA,0,0,0,"missing"
"315",2013,"2013.ICF4","Star fruit","03.01.2012",3,1,2012,"12",21.797,92.18659,NA,NA,NA,NA,NA,NA,0,0,0,0,3,NA,0,0,0,"missing"
"316",2017,"2017.ICF1","Jujube","28.12.2011",28,12,2011,"3",22.5854,89.16657,NA,NA,NA,NA,NA,NA,0,0,0,0,3,NA,0,0,0,"missing"
"317",2017,"2017.ICF9","Sapodilla","28.12.2011",28,12,2011,"4",22.58125,89.16738,NA,NA,NA,NA,NA,NA,0,0,0,0,3,NA,0,0,0,"missing"
"318",2018,"2018.ICF5","Sapodilla","16.12.2011",16,12,2011,"3",22.46964,89.09535,9,24,31,9,24,32,1,0,NA,NA,2,NA,1,0,0,"PM"
"319",2020,"2020.ICF10","Jujube","31.01.2012",31,1,2012,"11",23.02717,92.15479,6,29,50,6,29,51,1,0,0,0,2,NA,1,0,0,"PM"
"320",2020,"2020.ICF10","Jujube","31.01.2012",31,1,2012,"11",23.02717,92.15479,6,46,14,6,46,15,1,0,0,0,2,NA,1,0,0,"PM"
"321",2020,"2020.ICF10","Jujube","31.01.2012",31,1,2012,"11",23.02717,92.15479,7,44,38,7,44,39,1,0,0,0,2,NA,1,0,0,"PM"
"322",2020,"2020.ICF11","Jujube","31.01.2012",31,1,2012,"12",23.02653,92.15024,NA,NA,NA,NA,NA,NA,NA,0,0,0,3,NA,0,0,0,"missing"
"323",2028,"2028.ICF1","Jujube","24.12.11",24,12,2011,"10",25.08467,90.02658,NA,NA,NA,NA,NA,NA,0,0,0,0,3,NA,0,0,0,"missing"
"324",2031,"2031.ICF04","Rose apple","08.02.2012",8,2,2012,"12",22.7781,91.10035,NA,NA,NA,NA,NA,NA,0,0,0,0,3,NA,0,0,0,"missing"
"325",2031,"2031.ICF09","Jujube","10.02.2012",10,2,2012,"11",22.77415,91.1022,NA,NA,NA,NA,NA,NA,0,0,0,0,3,NA,0,0,0,"missing"
"326",2035,"2035.ICF3","Guava","8.2.2012",8,2,2012,"4",24.72877,89.57411,6,38,4,6,38,5,1,0,0,0,2,NA,1,0,0,"PM"
"327",2035,"2035.ICF7","Sapodilla","9.2.2012",9,2,2012,"missing",24.73464,89.57556,NA,NA,NA,NA,NA,NA,NA,0,0,0,3,NA,0,0,0,"missing"
"328",2041,"2041.ICF01","Jujube","01.01.2012",1,1,2012,"11",NA,NA,NA,NA,NA,NA,NA,NA,0,0,0,0,3,NA,0,0,0,"missing"
"329",2042,"2042.ICF4","Sapodilla","23.12.2012",23,12,2012,"3",22.61292,89.1382,NA,NA,NA,NA,NA,NA,0,0,0,0,3,NA,0,0,0,"missing"
"330",2042,"2042.ICF9","Sapodilla","24.12.2011",24,12,2011,"4",22.61379,89.14112,NA,NA,NA,NA,NA,NA,0,0,0,0,3,NA,0,0,0,"missing"
"331",2045,"2045.ICF01","Jujube","7.2.2012",7,2,2012,"7",22.50766,90.67779,NA,NA,NA,NA,NA,NA,0,0,0,0,3,NA,0,0,0,"missing"
"332",2045,"2045.ICF02","Banana","7.2.2012",7,2,2012,"8",22.50783,90.68137,NA,NA,NA,NA,NA,NA,0,0,0,0,3,NA,0,0,0,"missing"
"333",2046,"2046.ICF01","Jujube","12.02.2012",12,2,2012,"12",NA,NA,8,1,18,8,1,19,1,0,0,0,2,NA,1,0,0,"PM"
"334",2046,"2046.ICF02","Star fruit","12.02.2012",12,2,2012,"11",NA,NA,NA,NA,NA,NA,NA,NA,0,0,0,0,3,NA,0,0,0,NA
"335",2047,"2047.ICF1","Star fruit","20.12.2011",20,12,2011,"2",24.80736,90.21495,NA,NA,NA,NA,NA,NA,0,0,0,0,3,NA,0,0,0,"missing"
"336",2048,"2048.F11","Banana","26.01.2012",26,1,2012,"11",22.81292,91.86852,NA,NA,NA,NA,NA,NA,0,0,0,0,3,NA,0,0,0,"missing"
"337",2048,"2048.F10","Jack fruit","26.01.2012",26,1,2012,"12",22.81368,91.87303,NA,NA,NA,NA,NA,NA,0,0,0,0,3,NA,0,0,0,"missing"
"338",2050,"2050.ICF7","Jujube","26.1.2012",26,1,2012,"3",22.10377,90.08593,NA,NA,NA,NA,NA,NA,0,0,0,0,3,NA,0,0,0,"missing"
"339",3004,"3004.ICF07","Jujube","14.2.12",14,2,2012,"8",23.82928,89.7868,12,14,54,12,16,29,95,94,1,2,1,NA,1,1,1,"AM"
"340",3009,"3009.ICF1","Jujube","4.1.2012",4,1,2012,"2",23.51478,89.60709,NA,NA,NA,NA,NA,NA,0,0,0,0,3,NA,0,0,0,"missing"
"341",3010,"3010.ICF1","Jujube","7.2.2012",7,2,2012,"2",23.75277,89.76923,NA,NA,NA,NA,NA,NA,0,0,0,0,3,NA,0,0,0,"missing"
"342",3010,"3010.ICF2","Jujube","7.2.2012",7,2,2012,"5",23.75411,89.76743,NA,NA,NA,NA,NA,NA,0,0,0,0,3,NA,0,0,0,"missing"
"343",3011,"3011.ICF1","Star fruit","21.12.2012",21,12,2012,"2",23.53887,89.74286,NA,NA,NA,NA,NA,NA,0,0,0,0,3,NA,0,0,0,"missing"
"344",3011,"3011.ICF2","Sapodilla","21.12.2012",21,12,2012,"5",23.53895,89.74298,NA,NA,NA,NA,NA,NA,0,0,0,0,3,NA,0,0,0,"missing"
"345",3013,"3013.ICF3","Guava","2.2.2012",2,2,2012,"4",24.23573,89.07245,NA,NA,NA,NA,NA,NA,0,0,0,0,3,NA,0,0,0,"missing"
"346",3013,"3013.ICF9","Jujube","2.2.2012",2,2,2012,"3",24.23157,89.07029,NA,NA,NA,NA,NA,NA,0,0,0,0,3,NA,0,0,0,"missing"
"347",3015,"3015.ICF1","Sapodilla","25.12.2011",25,12,2011,"2",23.43164,89.67274,NA,NA,NA,NA,NA,NA,0,0,0,0,3,NA,0,0,0,"missing"
"348",3015,"3015.ICF2","Jujube","25.12.2011",25,12,2011,"5",23.43158,89.67126,7,44,1,7,44,3,2,1,2,2,2,NA,1,1,0,"PM"
"349",3015,"3015.ICF2","Jujube","25.12.2011",25,12,2011,"5",23.43158,89.67126,9,35,41,9,35,42,1,0,2,2,2,NA,1,0,0,"AM"
"350",3016,"3016.ICF1","Jujube","11.2.2012",11,2,2012,"5",23.75034,89.65161,NA,NA,NA,NA,NA,NA,0,0,0,0,3,NA,0,0,0,"missing"
"351",3016,"3016.ICF2","Jujube","15.2.2012",15,2,2012,"5",23.75106,89.65048,NA,NA,NA,NA,NA,NA,0,0,0,0,3,NA,0,0,0,"missing"
"352",3018,"3018.ICF1","Guava","8.12.2011",8,12,2011,"6",24.2054,90.02176,NA,NA,NA,NA,NA,NA,0,0,0,0,3,NA,0,0,0,NA
"353",3018,"3018.ICF2","Jujube","9.12.2011",9,12,2011,"5",24.21021,90.02246,8,9,20,8,9,39,19,18,2,2,1,NA,1,1,1,"PM"
"354",3018,"3018.ICF2","Jujube","9.12.2011",9,12,2011,"5",24.21021,90.02246,8,18,17,8,18,21,4,3,2,2,1,NA,1,1,1,"PM"
"355",3018,"3018.ICF2","Jujube","9.12.2011",9,12,2011,"5",24.21021,90.02246,8,23,44,8,25,51,127,126,2,2,1,NA,1,1,1,"PM"
"356",3018,"3018.ICF2","Jujube","9.12.2011",9,12,2011,"5",24.21021,90.02246,8,26,14,8,38,7,713,712,2,2,1,NA,1,1,1,"PM"
"357",3018,"3018.ICF2","Jujube","9.12.2011",9,12,2011,"5",24.21021,90.02246,8,48,56,8,49,44,48,47,2,2,1,NA,1,1,1,"PM"
"358",3018,"3018.ICF2","Jujube","9.12.2011",9,12,2011,"5",24.21021,90.02246,9,10,49,9,10,51,2,1,2,2,1,NA,1,1,1,"PM"
"359",3018,"3018.ICF2","Jujube","9.12.2011",9,12,2011,"5",24.21021,90.02246,10,38,10,10,58,43,1233,1232,2,2,1,NA,1,1,1,"PM"
"360",3020,"3020.ICF2","Jujube","19.1.2012",19,1,2012,"4",24.07921,89.21449,NA,NA,NA,NA,NA,NA,0,0,0,0,3,NA,0,0,0,"missing"
"361",3028,"3028.ICF1","Guava","28.01.2012",28,1,2012,"10",25.32284,89.23322,NA,NA,NA,NA,NA,NA,0,0,0,0,3,NA,0,0,0,"missing"
"362",3028,"3028.ICF2","Jujube","28.01.2012",28,1,2012,"9",25.32352,89.23383,NA,NA,NA,NA,NA,NA,0,0,0,0,3,NA,0,0,0,"missing"
"363",3037,"3037.ICF1","Jujube","26.1.2012",26,1,2012,"2",23.64235,89.60604,NA,NA,NA,NA,NA,NA,0,0,0,0,3,NA,0,0,0,"missing"
"364",3037,"3037.ICF2","Jujube","27.1.2012",27,1,2012,"5",23.64238,89.60578,NA,NA,NA,NA,NA,NA,0,0,0,0,3,NA,0,0,0,"missing"
"365",3039,"3039.ICF1","Star fruit","28.12.2011",28,12,2011,"5",23.37284,89.74365,NA,NA,NA,NA,NA,NA,0,0,0,0,3,NA,0,0,0,"missing"
"366",3039,"3039.ICF2","Sapodilla","1.1.12",1,1,2012,"5",23.37304,89.74406,NA,NA,NA,NA,NA,NA,0,0,0,0,3,NA,0,0,0,"missing"
"367",3040,"3040.ICF1","Jujube","13.2.2012",13,2,2012,"2",23.36545,89.83141,NA,NA,NA,NA,NA,NA,0,0,0,0,3,NA,0,0,0,"missing"
"368",3040,"3040.ICF2","Guava","13.2.2012",13,2,2012,"5",23.36545,89.83141,NA,NA,NA,NA,NA,NA,0,0,0,0,3,NA,0,0,0,"missing"
"369",3041,"3041.ICF1","Jujube","4.2.2012",4,2,2012,"5",23.6869,89.64353,NA,NA,NA,NA,NA,NA,0,0,0,0,3,NA,0,0,0,"missing"
"370",3041,"3041.ICF2","Jujube","4.2.2012",4,2,2012,"2",23.68787,89.64016,NA,NA,NA,NA,NA,NA,0,0,0,0,3,NA,0,0,0,"missing"
"371",1053,"1053.ICF1","Guava","28.01.2013",28,1,2013,"8 (F-012266)",23.17477,91.40516,NA,NA,NA,NA,NA,NA,0,0,0,0,3,NA,0,0,0,"missing"
"372",1057,"1057.ICF1","Star fruit","4.2.2013",4,2,2013,"F-012261",26.09177,88.217,NA,NA,NA,NA,NA,NA,0,0,0,0,3,NA,0,0,0,"missing"
"373",1057,"1057.ICF2","Jujube","4.2.2013",4,2,2013,"F-012262",26.0926,88.21819,NA,NA,NA,NA,NA,NA,0,0,0,0,3,NA,0,0,0,"missing"
"374",1058,"1058.ICF1","Banana","31.12.2012",31,12,2012,"missing",23.19849,90.17514,6,31,33,6,31,34,1,0,1,3,0,NA,1,0,0,"PM"
"375",1060,"1060.ICF1","Jujube","08.02.2013",8,2,2013,"F-012265",23.68286,89.70783,2,6,34,2,6,35,1,0,0,0,2,NA,1,0,0,"AM"
"376",1061,"1061.ICF1","Guava","7.12.12",7,12,2012,"F-012262",24.09161,89.82143,NA,NA,NA,NA,NA,NA,0,0,0,0,3,NA,0,0,0,"missing"
"377",1062,"1062.ICF1","Star fruit","22.12.12",22,12,2012,"F-012261",25.99597,88.99786,NA,NA,NA,NA,NA,NA,0,0,0,0,3,NA,0,0,0,"missing"
"378",1067,"1067.ICF1","Indian olive","8.12.12",8,12,2012,"4 (F-012264)",24.23995,90.19712,NA,NA,NA,NA,NA,NA,0,0,0,0,3,NA,0,0,0,"missing"
"379",1069,"1069.ICF1","Sapodilla","06.12.2012",6,12,2012,"F-012260",23.62841,90.29422,10,39,29,10,40,53,84,83,2,1,1,NA,1,1,1,"PM"
"380",1069,"1069.ICF1","Sapodilla","06.12.2012",6,12,2012,"F-012260",23.62841,90.29422,1,22,1,1,22,5,4,3,1,2,1,NA,1,1,1,"AM"
"381",1069,"1069.ICF1","Sapodilla","06.12.2012",6,12,2012,"F-012260",23.62841,90.29422,2,12,49,2,15,36,167,166,2,1,1,NA,1,1,1,"AM"
"382",1069,"1069.ICF2","Guava","07.12.2012",7,12,2012,"F-012265",23.6263,90.30758,NA,NA,NA,NA,NA,NA,0,0,0,0,3,NA,0,0,0,"missing"
"383",1071,"1071.ICF1","Guava","6.12.2012",6,12,2012,"8 (F-012266)",24.06652,90.65192,NA,NA,NA,NA,NA,NA,0,0,0,0,3,NA,0,0,0,"missing"
"384",1072,"1072.ICF1","Guava","26.12.2012",26,12,2012,"F-012261",26.10117,88.59122,NA,NA,NA,NA,NA,NA,0,0,0,0,3,NA,0,0,0,"missing"
"385",1072,"1072.ICF2","Jujube","26.12.2012",26,12,2012,"F-012262",26.10269,88.59045,NA,NA,NA,NA,NA,NA,0,0,0,0,3,NA,0,0,0,"missing"
"386",1076,"1076.ICF1","Guava","14.08.2013",14,8,2013,"F-012268",23.38708,89.29745,NA,NA,NA,NA,NA,NA,0,0,0,0,3,NA,0,0,0,"missing"
"387",1076,"1076.ICF2","Guava","14.08.2013",14,8,2013,"F-012267",23.3865,89.29498,6,54,31,6,54,32,1,0,0,0,2,NA,1,0,0,"PM"
"388",1076,"1076.ICF2","Guava","14.08.2013",14,8,2013,"F-012267",23.3865,89.29498,8,12,57,8,12,58,1,0,0,0,2,NA,1,0,0,"PM"
"389",1076,"1076.ICF2","Guava","14.08.2013",14,8,2013,"F-012267",23.3865,89.29498,3,54,49,3,54,51,2,1,0,0,2,NA,1,1,0,"AM"
"390",1076,"1076.ICF2","Guava","14.08.2013",14,8,2013,"F-012267",23.3865,89.29498,4,48,40,4,48,41,1,0,0,0,2,NA,1,0,0,"AM"
"391",1076,"1076.ICF2","Guava","14.08.2013",14,8,2013,"F-012267",23.3865,89.29498,5,10,11,5,10,12,1,0,0,0,2,NA,1,0,0,"AM"
"392",1076,"1076.ICF2","Guava","14.08.2013",14,8,2013,"F-012267",23.3865,89.29498,5,20,25,5,20,27,2,1,0,0,2,NA,1,1,0,"AM"
"393",1077,"1077.ICF1","Guava","19.12.2012",19,12,2012,"8 (F-012266)",23.57733,90.95641,NA,NA,NA,NA,NA,NA,0,0,0,0,3,NA,0,0,0,"missing"
"394",1077,"1077.ICF2","Jujube","20.12.2012",20,12,2012,"8 (F-012266)",23.57126,90.96331,NA,NA,NA,NA,NA,NA,0,0,0,0,3,NA,0,0,0,"missing"
"395",1079,"1079.ICF1","Star fruit","16.12.2012",16,12,2012,"F-012267",24.21469,89.65291,NA,NA,NA,NA,NA,NA,0,0,0,0,3,NA,0,0,0,"missing"
"396",1080,"1080.ICF1","Guava","24.12.2012",24,12,2012,"8 (F-012266)",23.06932,91.32237,NA,NA,NA,NA,NA,NA,0,0,0,0,3,NA,0,0,0,"missing"
"397",1080,"1080.ICF2","Jujube","24.12.2012",24,12,2012,"2 (L008420)",23.06849,91.32226,NA,NA,NA,NA,NA,NA,0,0,0,0,3,NA,0,0,0,"missing"
"398",1082,"1082.ICF1","Star fruit","2.1.2013",2,1,2013,"F-012261",26.03012,88.56134,NA,NA,NA,NA,NA,NA,0,0,0,0,3,NA,0,0,0,"missing"
"399",1082,"1082.ICF2","Star fruit","2.1.2013",2,1,2013,"F-012262",26.03561,88.55746,NA,NA,NA,NA,NA,NA,0,0,0,0,3,NA,0,0,0,"missing"
"400",1083,"1083.ICF1","Sapodilla","30.12.2012",30,12,2012,"F-012267",23.46173,89.33929,NA,NA,NA,NA,NA,NA,0,0,0,0,3,NA,0,0,0,"missing"
"401",1083,"1083.ICF2","Guava","30.12.2012",30,12,2012,"F-012268",23.46172,89.33894,NA,NA,NA,NA,NA,NA,0,0,0,0,3,NA,0,0,0,"missing"
"402",1084,"1084.ICF1","Jujube","15.12.2012",15,12,2012,"F-012267",24.11615,89.60244,NA,NA,NA,NA,NA,NA,0,0,0,0,3,NA,0,0,0,"missing"
"403",1084,"1084.ICF2","Fig","15.12.2012",15,12,2012,"F-012268",24.11549,89.60276,6,7,43,6,7,45,2,1,2,1,1,NA,1,1,1,"PM"
"404",1084,"1084.ICF2","Fig","15.12.2012",15,12,2012,"F-012268",24.11549,89.60276,6,51,7,6,51,9,2,1,1,2,1,NA,1,1,1,"PM"
"405",1084,"1084.ICF2","Fig","15.12.2012",15,12,2012,"F-012268",24.11549,89.60276,7,1,4,7,1,55,51,50,2,1,1,NA,1,1,1,"PM"
"406",1084,"1084.ICF2","Fig","15.12.2012",15,12,2012,"F-012268",24.11549,89.60276,7,20,46,7,20,48,2,1,2,0,1,NA,1,1,0,"PM"
"407",1084,"1084.ICF2","Fig","15.12.2012",15,12,2012,"F-012268",24.11549,89.60276,7,25,53,7,25,55,2,1,2,0,1,NA,1,1,0,"PM"
"408",1084,"1084.ICF2","Fig","15.12.2012",15,12,2012,"F-012268",24.11549,89.60276,7,25,53,7,25,54,1,0,2,0,1,NA,1,0,0,"PM"
"409",1084,"1084.ICF2","Fig","15.12.2012",15,12,2012,"F-012268",24.11549,89.60276,8,31,14,8,31,15,1,0,0,0,2,NA,1,0,0,"PM"
"410",1084,"1084.ICF2","Fig","15.12.2012",15,12,2012,"F-012268",24.11549,89.60276,9,12,6,9,12,8,2,1,2,2,1,NA,1,1,1,"PM"
"411",1084,"1084.ICF2","Fig","15.12.2012",15,12,2012,"F-012268",24.11549,89.60276,9,55,17,9,55,18,1,0,0,0,2,NA,1,0,0,"PM"
"412",1084,"1084.ICF2","Fig","15.12.2012",15,12,2012,"F-012268",24.11549,89.60276,4,19,17,4,19,18,1,0,2,0,2,NA,1,0,0,"AM"
"413",1084,"1084.ICF2","Fig","15.12.2012",15,12,2012,"F-012268",24.11549,89.60276,4,25,46,4,26,44,58,57,1,1,1,NA,1,1,1,"AM"
"414",1085,"1085.ICF1","Guava","22.12.2012",22,12,2012,"F-012268",23.30627,89.58875,NA,NA,NA,NA,NA,NA,0,0,0,0,3,NA,0,0,0,"missing"
"415",1085,"1085.ICF2","Guava","22.12.2012",22,12,2012,"F-012267",23.30675,89.59216,NA,NA,NA,NA,NA,NA,0,0,0,0,3,NA,0,0,0,"missing"
"416",1086,"1086.ICF1","Jujube","14.12.2012",14,12,2012,"8 (F-012266)",23.81853,91.21289,NA,NA,NA,NA,NA,NA,0,0,0,0,3,NA,0,0,0,"missing"
"417",1087,"1087.ICF1","Jujube","12.02.2013",12,2,2013,"F-012267",23.214,88.94887,NA,NA,NA,NA,NA,NA,0,0,0,0,3,NA,0,0,0,"missing"
"418",1087,"1087.ICF2","Jujube","12.02.2013",12,2,2013,"F-012268",23.21353,88.94974,NA,NA,NA,NA,NA,NA,0,0,0,0,3,NA,0,0,0,"missing"
"419",1090,"1090.ICF1","Jujube","10.2.13",10,2,2013,"F-012261",25.62191,89.41694,NA,NA,NA,NA,NA,NA,0,0,0,0,3,NA,0,0,0,"missing"
"420",1090,"1090.ICF2","Jujube","10.2.13",10,2,2013,"F-012262",25.63101,89.41578,NA,NA,NA,NA,NA,NA,0,0,0,0,3,NA,0,0,0,"missing"
"421",2057,"2057.ICF1","Jujube","24.01.2013",24,1,2013,"F-012267",22.62623,88.95707,NA,NA,NA,NA,NA,NA,0,0,0,0,3,NA,0,0,0,"missing"
"422",2057,"2057.ICF2","Jujube","24.01.2013",24,1,2013,"F-012268",22.61776,88.96297,3,48,27,3,48,28,1,0,0,0,2,NA,1,0,0,"AM"
"423",2061,"2061.ICF1","Guava","11.01.2013",11,1,2013,"4 (F-012264)",24.64602,90.96009,NA,NA,NA,NA,NA,NA,0,0,0,0,3,NA,0,0,0,"missing"
"424",2067,"2067.ICF1","Guava","15.12.2012",15,12,2012,"F-012260",22.53687,90.24656,NA,NA,NA,NA,NA,NA,0,0,0,0,3,NA,0,0,0,"missing"
"425",2067,"2067.ICF2","Guava","15.12.2012",15,12,2012,"F-012265",22.53303,90.23376,NA,NA,NA,NA,NA,NA,0,0,0,0,3,NA,0,0,0,"missing"
"426",2072,"2072.ICF1","Jujube","08.02.2013",8,2,2013,"F-012267",22.95505,88.88077,NA,NA,NA,NA,NA,NA,0,0,0,0,3,NA,0,0,0,"missing"
"427",2072,"2072.ICF2","Jujube","08.02.2013",8,2,2013,"F-012268",22.95505,88.88077,3,0,7,3,0,9,2,1,0,0,2,NA,1,1,0,"AM"
"428",2074,"2074.ICF1","Guava","3.1.2013",3,1,2013,"4 (F-012264)",24.20995,90.94365,7,8,41,7,9,16,35,34,2,2,2,NA,1,1,0,"PM"
"429",2074,"2074.ICF2","Jujube","04.01.2013",4,1,2013,"4 (F-012264)",24.20995,90.94365,NA,NA,NA,NA,NA,NA,0,0,0,0,3,NA,0,0,0,"missing"
"430",2079,"2079.ICF1","Jujube","14.02.2013",14,2,2013,"F-012267",23.214,88.94887,NA,NA,NA,NA,NA,NA,0,0,0,0,3,NA,0,0,0,"missing"
"431",2079,"2079.ICF2","Jujube","14.02.2013",14,2,2013,"F-012268",23.21353,88.94974,NA,NA,NA,NA,NA,NA,0,0,0,0,3,NA,0,0,0,"missing"
"432",2080,"2080.ICF1","Jujube","18.12.2012",18,12,2012,"F-012265",22.3836,90.06062,NA,NA,NA,NA,NA,NA,0,0,0,0,3,NA,0,0,0,"missing"
"433",2081,"2081.ICF1","Jujube","28.01.2013",28,1,2013,"F-012267",22.3755,89.19703,NA,NA,NA,NA,NA,NA,0,0,0,0,3,NA,0,0,0,"missing"
"434",2081,"2081.ICF2","Jujube","28.01.2013",28,1,2013,"F-012268",22.37539,89.19674,NA,NA,NA,NA,NA,NA,0,0,0,0,3,NA,0,0,0,"missing"
"435",2083,"2083.ICF1","Jujube","17.01.2013",17,1,2013,"4 (F-012264)",25.06705,90.12963,NA,NA,NA,NA,NA,NA,0,0,0,0,3,NA,0,0,0,"missing"
"436",3003,"3003.ICF1","Jujube","27.01.2013",27,1,2013,"F-012265",23.72208,89.75783,3,16,42,3,16,43,1,0,0,0,2,NA,1,0,0,"AM"
"437",3003,"3003.ICF2","Guava","27.01.2013",27,1,2013,"F-012260",23.71869,89.75875,NA,NA,NA,NA,NA,NA,0,0,0,0,3,NA,0,0,0,"missing"
"438",3006,"3006.ICF1","Jujube","06.12.2012",6,12,2012,"F-012267",23.88321,89.80018,NA,NA,NA,NA,NA,NA,0,0,0,0,3,NA,0,0,0,"missing"
"439",3007,"3007.ICF1","Sapodilla","12.01.2013",12,1,2013,"F-012260",23.31866,89.84807,NA,NA,NA,NA,NA,NA,0,0,0,0,3,NA,0,0,0,"missing"
"440",3007,"3007.ICF2","Sapodilla","13.01.2021",13,1,NA,"F-012260",23.31996,89.85457,NA,NA,NA,NA,NA,NA,0,0,0,0,3,NA,0,0,0,"missing"
"441",3008,"3008.ICF1","Jujube","31.12.2012",31,12,2012,"1",24.72306,88.77863,NA,NA,NA,NA,NA,NA,0,0,0,0,3,NA,0,0,0,"missing"
"442",3008,"3008.ICF2","Jujube","31.12.2012",31,12,2012,"2",24.71988,88.7782,NA,NA,NA,NA,NA,NA,0,0,0,0,3,NA,0,0,0,"missing"
"443",3019,"3019.ICF1","Star fruit","30.12.12",30,12,2012,"F-012261",25.91748,88.17034,NA,NA,NA,NA,NA,NA,0,0,0,0,3,NA,0,0,0,"missing"
"444",3019,"3019.ICF2","Star fruit","30.12.12",30,12,2012,"F-012262",25.91748,88.17034,NA,NA,NA,NA,NA,NA,0,0,0,0,3,NA,0,0,0,"missing"
"445",3024,"3024.ICF4","Banana","07.12.2012",7,12,2012,"1",23.93437,89.81448,NA,NA,NA,NA,NA,NA,0,0,0,0,3,NA,0,0,0,"missing"
"446",3025,"3025.ICF1","Jujube","18.01.2013",18,1,2013,"F-012267",23.68037,89.49185,NA,NA,NA,NA,NA,NA,0,0,0,0,3,NA,0,0,0,"missing"
"447",3025,"3025.ICF2","Jujube","18.01.2013",18,1,2013,"F-012268",23.68151,89.49099,NA,NA,NA,NA,NA,NA,0,0,0,0,3,NA,0,0,0,"missing"
"448",3026,"3026.ICF1","Guava","05.02.2013",5,2,2013,"F-012260",23.32489,89.75304,NA,NA,NA,NA,NA,NA,0,0,0,0,3,NA,0,0,0,"missing"
"449",3026,"3026.ICF2","Guava","05.02.2013",5,2,2013,"F-012265",23.32331,89.75852,NA,NA,NA,NA,NA,NA,0,0,0,0,3,NA,0,0,0,"missing"
"450",3030,"3030.ICF1","Guava","16.12.2012",16,12,2012,"F-012262",26.01192,88.83483,NA,NA,NA,NA,NA,NA,0,0,0,0,3,NA,0,0,0,"missing"
"451",3030,"3030.ICF2","Jujube","16.12.2012",16,12,2012,"F-012261",26.0122,88.82795,NA,NA,NA,NA,NA,NA,NA,0,0,0,3,NA,0,0,0,"missing"
"452",3031,"3031.ICF1","Sapodilla","19.01.2013",19,1,2013,"F-012260",23.35549,89.92543,NA,NA,NA,NA,NA,NA,0,0,0,0,3,NA,0,0,0,"missing"
"453",3031,"3031.ICF2","Jujube","19.01.2021",19,1,NA,"F-012265",23.3542,89.92583,NA,NA,NA,NA,NA,NA,0,0,0,0,3,NA,0,0,0,"missing"
"454",3032,"3032.ICF1","Guava","04.01.2013",4,1,2013,"F-012265",23.31832,89.88825,7,16,52,7,16,55,3,2,1,1,1,NA,1,1,1,"PM"
"455",3032,"3032.ICF1","Guava","04.01.2013",4,1,2013,"F-012265",23.31832,89.88825,7,17,0,7,22,33,333,332,2,1,1,NA,1,1,1,"PM"
"456",3032,"3032.ICF1","Guava","04.01.2013",4,1,2013,"F-012265",23.31832,89.88825,10,38,14,10,38,41,27,26,1,1,1,NA,1,1,1,"PM"
"457",3032,"3032.ICF2","Jujube","04.01.2013",4,1,2013,"F-012260",23.31918,89.88801,NA,NA,NA,NA,NA,NA,0,0,0,0,3,NA,0,0,0,"missing"
"458",3034,"3034.ICF1","Guava","28.12.2012",28,12,2012,"F-012260",23.10023,90.29751,NA,NA,NA,NA,NA,NA,0,0,0,0,3,NA,0,0,0,"missing"
"459",3034,"3034.ICF2","Guava","28.12.2021",28,12,NA,"F-012265",23.10041,90.30298,NA,NA,NA,NA,NA,NA,0,0,0,0,3,NA,0,0,0,"missing"
"460",3036,"3036.ICF1","Sapodilla","17.01.2013",17,1,2013,"F-012265",23.22969,89.77062,NA,NA,NA,NA,NA,NA,0,0,0,0,3,NA,0,0,0,"missing"
"461",3036,"3036.ICF2","Sapodilla","17.01.2013",17,1,2013,"F-012260",23.22814,89.77091,NA,NA,NA,NA,NA,NA,0,0,0,0,3,NA,0,0,0,"missing"
"462",3038,"3038.ICF1","Sapodilla","29.01.2013",29,1,2013,"F-012265",23.45493,90.03619,NA,NA,NA,NA,NA,NA,0,0,0,0,3,NA,0,0,0,"missing"
"463",3038,"3038.ICF2","Sapodilla","30.01.2013",30,1,2013,"F-012265",23.45772,90.03897,NA,NA,NA,NA,NA,NA,0,0,0,0,3,NA,0,0,0,"missing"
"464",3042,"3042.ICF1","Jujube","22.01.2013",22,1,2013,"F-012260",23.43839,89.97181,6,57,34,6,57,35,1,0,0,0,2,NA,1,0,0,"PM"
"465",3042,"3042.ICF1","Jujube","22.01.2013",22,1,2013,"F-012260",23.43839,89.97181,8,18,19,8,18,20,1,0,0,0,2,NA,1,0,0,"PM"
"466",3042,"3042.ICF1","Jujube","22.01.2013",22,1,2013,"F-012260",23.43839,89.97181,8,39,38,8,39,39,1,0,0,0,2,NA,1,0,0,"PM"
"467",3042,"3042.ICF1","Jujube","22.01.2013",22,1,2013,"F-012260",23.43839,89.97181,9,38,49,9,38,50,1,0,0,0,2,NA,1,0,0,"PM"
"468",3042,"3042.ICF1","Jujube","22.01.2013",22,1,2013,"F-012260",23.43839,89.97181,9,44,43,9,44,44,1,0,0,0,0,NA,1,0,0,"PM"
"469",3042,"3042.ICF1","Jujube","22.01.2013",22,1,2013,"F-012260",23.43839,89.97181,9,45,19,9,45,20,1,0,1,0,0,NA,1,0,0,"PM"
"470",3042,"3042.ICF1","Jujube","22.01.2013",22,1,2013,"F-012260",23.43839,89.97181,10,9,47,10,9,48,1,0,0,0,0,NA,1,0,0,"PM"
"471",3042,"3042.ICF1","Jujube","22.01.2013",22,1,2013,"F-012260",23.43839,89.97181,10,11,7,10,11,8,1,0,0,0,0,NA,1,0,0,"PM"
"472",3042,"3042.ICF1","Jujube","22.01.2013",22,1,2013,"F-012260",23.43839,89.97181,11,44,20,11,44,21,1,0,0,0,2,NA,1,0,0,"PM"
"473",3042,"3042.ICF1","Jujube","22.01.2013",22,1,2013,"F-012260",23.43839,89.97181,11,44,35,11,44,36,1,0,0,0,2,NA,1,0,0,"PM"
"474",3042,"3042.ICF1","Jujube","22.01.2013",22,1,2013,"F-012260",23.43839,89.97181,11,55,57,11,55,58,1,0,0,0,2,NA,1,0,0,"PM"
"475",3042,"3042.ICF1","Jujube","22.01.2013",22,1,2013,"F-012260",23.43839,89.97181,11,56,19,11,56,20,1,0,0,0,2,NA,1,0,0,"PM"
"476",3042,"3042.ICF1","Jujube","22.01.2013",22,1,2013,"F-012260",23.43839,89.97181,11,56,33,11,56,34,1,0,0,0,2,NA,1,0,0,"PM"
"477",3042,"3042.ICF1","Jujube","22.01.2013",22,1,2013,"F-012260",23.43839,89.97181,12,39,24,12,39,25,1,0,0,0,2,NA,1,0,0,"AM"
"478",3042,"3042.ICF1","Jujube","22.01.2013",22,1,2013,"F-012260",23.43839,89.97181,1,24,38,1,24,39,1,0,0,0,2,NA,1,0,0,"AM"
"479",3042,"3042.ICF1","Jujube","22.01.2013",22,1,2013,"F-012260",23.43839,89.97181,2,6,49,2,6,50,1,0,0,0,2,NA,1,0,0,"AM"
"480",3042,"3042.ICF1","Jujube","22.01.2013",22,1,2013,"F-012260",23.43839,89.97181,2,19,57,2,19,58,1,0,0,0,2,NA,1,0,0,"AM"
"481",3042,"3042.ICF1","Jujube","22.01.2013",22,1,2013,"F-012260",23.43839,89.97181,2,20,39,2,20,40,1,0,0,0,2,NA,1,0,0,"AM"
"482",3042,"3042.ICF1","Jujube","22.01.2013",22,1,2013,"F-012260",23.43839,89.97181,2,20,46,2,20,48,2,1,0,0,2,NA,1,1,0,"AM"
"483",3042,"3042.ICF1","Jujube","22.01.2013",22,1,2013,"F-012260",23.43839,89.97181,2,21,59,2,22,1,2,1,0,0,2,NA,1,1,0,"AM"
"484",3042,"3042.ICF1","Jujube","22.01.2013",22,1,2013,"F-012260",23.43839,89.97181,3,13,9,3,13,39,30,29,2,1,2,NA,1,1,1,"AM"
"485",3042,"3042.ICF1","Jujube","22.01.2013",22,1,2013,"F-012260",23.43839,89.97181,3,14,42,3,14,47,5,4,2,1,1,NA,1,1,1,"AM"
"486",3042,"3042.ICF1","Jujube","22.01.2013",22,1,2013,"F-012260",23.43839,89.97181,3,34,57,3,34,59,2,1,2,1,2,NA,1,1,1,"AM"
"487",3042,"3042.ICF2","Sapodilla","22.01.2013",22,1,2013,"F-012265",23.4392,89.97254,NA,NA,NA,NA,NA,NA,0,0,0,0,3,NA,0,0,0,"missing"
"488",3045,"3045.ICF1","Star fruit","17.12.2012",17,12,2012,"F-012261",26.08162,88.76483,NA,NA,NA,NA,NA,NA,0,0,0,0,3,NA,0,0,0,"missing"
"489",3045,"3045.ICF2","Guava","17.12.2012",17,12,2012,"F-012262",26.08178,88.7651,NA,NA,NA,NA,NA,NA,0,0,0,0,3,NA,0,0,0,"missing"
"490",3046,"3046.ICF1","Star fruit","20.1.2013",20,1,2013,"F-012261",26.1502,89.13969,NA,NA,NA,NA,NA,NA,0,0,0,0,3,NA,0,0,0,"missing"
"491",3046,"3046.ICF2","Star fruit","20.1.2013",20,1,2013,"F-012262",26.1502,89.13969,12,50,45,12,50,49,4,3,1,2,0,NA,1,1,1,"AM"
"492",3049,"3049.ICF1","Star fruit","5.1.2013",5,1,2013,"F-012261",25.77493,88.55975,NA,NA,NA,NA,NA,NA,0,0,0,0,3,NA,0,0,0,"missing"
"493",3051,"3051.ICF1","Star fruit","8.2.2013",8,2,2013,"F-012261",25.75563,89.35884,NA,NA,NA,NA,NA,NA,0,0,0,0,3,NA,0,0,0,"missing"
"494",3051,"3051.ICF2","Jujube","8.2.2013",8,2,2013,"F-012262",25.75742,89.35644,NA,NA,NA,NA,NA,NA,0,0,0,0,3,NA,0,0,0,"missing"
"495",3052,"3052.ICF1","Jujube","21.01.2013",21,1,2013,"4 (F-012264)",24.19293,89.99364,NA,NA,NA,NA,NA,NA,0,0,0,0,3,NA,0,0,0,"missing"
"496",3053,"3053.ICF1","Jujube","23.01.2013",23,1,2013,"4 (F-012264)",24.19184,89.99196,NA,NA,NA,NA,NA,NA,NA,0,0,0,3,NA,0,0,0,"missing"
"497",3054,"3054.ICF2","Guava","27.01.2013",27,1,2013,"4 (F-012264)",24.18664,89.99944,NA,NA,NA,NA,NA,NA,0,0,0,0,3,NA,0,0,0,"missing"
"498",3054,"3054.ICF1","Guava","26.01.2013",26,1,2013,"4 (F-012264)",24.18664,89.99944,NA,NA,NA,NA,NA,NA,0,0,0,0,3,NA,0,0,0,"missing"
"499",3055,"3055.ICF1","Star fruit","13.1.2013",13,1,2013,"F-012261",26.10675,89.15374,NA,NA,NA,NA,NA,NA,0,0,0,0,3,NA,0,0,0,"missing"
"500",3055,"3055.ICF2","Star fruit","13.1.2013",13,1,2013,"F-012262",26.10675,89.15374,NA,NA,NA,NA,NA,NA,0,0,0,0,3,NA,0,0,0,"missing"
"501",3056,"3056.ICF1","Star fruit","27.1.2013",27,1,2013,"F-012261",26.1207,89.15448,NA,NA,NA,NA,NA,NA,0,0,0,0,3,NA,0,0,0,"missing"
"502",3056,"3056.ICF2","Star fruit","27.1.2013",27,1,2013,"F-012262",26.1207,89.15448,NA,NA,NA,NA,NA,NA,0,0,0,0,3,NA,0,0,0,"missing"
"503",3057,"3057.ICF1","Star fruit","29.1.2013",29,1,2013,"F-012261",26.11618,89.18662,NA,NA,NA,NA,NA,NA,0,0,0,0,3,NA,0,0,0,"missing"
"504",3057,"3057.ICF2","Star fruit","29.1.2013",29,1,2013,"F-012262",26.11618,89.18662,NA,NA,NA,NA,NA,NA,0,0,0,0,3,NA,0,0,0,"missing"
"505",3058,"3058.ICF1","Star fruit","19.1.2013",19,1,2013,"F-012261",26.15135,89.12722,NA,NA,NA,NA,NA,NA,0,0,0,0,3,NA,0,0,0,"missing"
"506",3058,"3058.ICF2","Star fruit","19.1.2013",19,1,2013,"F-012262",26.15135,89.12722,NA,NA,NA,NA,NA,NA,0,0,0,0,3,NA,0,0,0,"missing"
"507",3059,"3059.ICF1","Star fruit","24.1.2013",24,1,2013,"F-012261",26.13,89.14878,NA,NA,NA,NA,NA,NA,0,0,0,0,3,NA,0,0,0,"missing"
"508",3059,"3059.ICF2","Star fruit","24.1.2013",24,1,2013,"F-012262",26.13,89.14878,NA,NA,NA,NA,NA,NA,0,0,0,0,3,NA,0,0,0,"missing"
"509",3061,"3061.ICF1","Guava","21.12.2012",21,12,2012,"1",25.09523,89.03235,NA,NA,NA,NA,NA,NA,0,0,0,0,3,NA,0,0,0,"missing"
"510",3063,"3063.ICF1","Sapodilla","25.01.2013",25,1,2013,"F-012260",23.60659,89.72731,NA,NA,NA,NA,NA,NA,0,0,0,0,3,NA,0,0,0,"missing"
"511",3063,"3063.ICF2","Sapodilla","25.01.2013",25,1,2013,"F-012265",23.60577,89.72854,NA,NA,NA,NA,NA,NA,0,0,0,0,3,NA,0,0,0,"missing"
"512",3064,"3064.ICF1","Sapodilla","03.01.2013",3,1,2013,"3064.ICF1",23.31966,89.89694,NA,NA,NA,NA,NA,NA,0,0,0,0,3,NA,0,0,0,"missing"
"513",3066,"3066.ICF1","Jujube","01.02.2013",1,2,2013,"F-012265",23.45634,90.0444,NA,NA,NA,NA,NA,NA,0,0,0,0,3,NA,0,0,0,"missing"
"514",3066,"3066.ICF2","Jujube","01.02.2013",1,2,2013,"F-012260",23.454,90.04088,NA,NA,NA,NA,NA,NA,0,0,0,0,3,NA,0,0,0,"missing"
